PashaID, ä½œå®¶åãƒ»ãƒ¢ãƒ‡ãƒ«ã•ã‚“å
1,PASHASTYLEç·¨é›†éƒ¨
4,SETTON
5,åå…­å¤œ
6,yoshidat
8,Komachan
9,hamashun
10,ã‚Šã¶
11,ç¾ç©‚(3t)
12,æ¸…ç”°å¤§ä»‹
14,Alto Tanaka
15,ã»ã—
16,MAMOYAN
18,å¹³
19,ã¦ã‚‹
20,æ‰‡æƒ…ã‚«ãƒ¡ãƒ©ãƒãƒ³ é…’äº•ã‚ˆã—å½¦
22,pear
23,ã¤ã®ã‚Šã‚…ã†
24,ã±ã‚“ã¼ã†
25,Quattro
26,Ryuichi
27,solitia11
28,hitoshi totani
29,macky photography
30,Manabu Moriwaki
31,NAO
32,æœ‰é˜ª Hellcat
33,ã¨ã«ã‹ã
34,Masato Saito
37,MINTIA
38,ã²ã“
39,ussy
40,ã¾ãƒ¼ã¯ãƒ¼
41,å¤ªæ¥¼
42,ç”°ä¸­é¾ç”Ÿ
43,Yasushi Maeda
44,I.Hiroshi
45,ã‚¨ãƒªã‚«
46,Tatsuhiko
47,palomino
48,ã‚ãš
49,TORU
50,gaiti39
51,Yuko Kobayashi
52,Akiko Koumura
53,ç‹é›ª
54,èŠ½ç”°æ¢¨èŠ±
55,ãƒŒã‚¯ã‚¾ã‚¦
56,Mameda
58,Takanori Nakamura
59,éˆ´æœ¨æ–‡éš†
60,y.s.photo
61,ã‚¤ãƒ¼ã‚µãƒ³
62,ãƒŠã‚«ã‚ªã‚¿ã‚¤ã‚­
63,Shinya Oto
64,éˆ´æœ¨çœŸå¾
65,kita
66,ã‚¯ãƒªã‚¨ã‚¤ãƒˆãƒ•ã‚©ãƒˆ
67,u_taro_photography
68,é»’æœ¨å¸Œå¸†
69,sei
71,Kensei
72,shu
73,æ±
74,chelsea
75,ãƒ‘ãƒ”ãƒ¼
76,soi
77,6strings
79,ï¼³ï½‰ï½ï½“ï½™ï½
80,ã¾ã•
81,å¥¥å¹³å¤§
82,gravure photographer kajuya
83,Kazu Kihara
84,ã‚¸ãƒ¥ãƒ³
85,Tomo.S(ã¨ã‚‚)
86,Aiko Inamura
88,Westboy
89,SHIN
91,t844
92,å¥ˆã‚’
93,mitomikaz
94,å±±æœ¬ã€€ã€€ç´”
95,ãƒªãƒ¥ã‚¦ãƒã‚·ãƒ³
96,dolce
97,Ryuki
98,Makoto_i
99,Ryutaro Saito
100,ã¾ãªã‹
101,Yoshi
102,pinkuma
103,Tatsuya
104,å±±æœ¬     ç´”
105,å±±æœ¬     ç´”
106,ã—ã‚…ã‚“3110
107,é€±æœ«æ’®å½±å¸«å¤ªéƒï¼ ä¸Šæµ·åœ¨ä½
108,ã‚ã‹ã•ã
109,silk
110,Kurokawacoco
111,é«˜ã•ã‚“
112,Ryoichi
113,ãƒ¦ãƒ¼ã‚¹ã‚±
114,tomo110
115,ã²ã‚ã€‚
116,å‰£å£±
117,Takashi Yoda
118,tomohiro
119,HertZ
120,ã‚ˆã­
121,L.aim(Koji Matsumaru)
122,ojitoole
124,å° ç²‹
125,ã ã„
126,å— è™æˆ‘ MINAMI TAIGA
127,yukari
128,ã•ã£ã¨ã‚“
129,ãŸã„ã›ãƒ¼
130,ãƒŠã‚«ãƒ¢ãƒˆãƒ€ã‚¤ã‚¹ã‚±
131,masa
132,ã¾ã‚‹
133,s_hige
134,ã‚†ã†ã˜
135,marie
136,æœ¨æ‘å¥æ¬¡
137,ç´€é‡ å‰µ
138,kaede
140,ãƒãƒ³(BANG DOLL)
141,æ›³åœ°æ­£åˆ€
142,kopi
143,YOSUKE TAKADA
145,é†é†ãƒã‚µãƒ’ãƒ­
146,ã½ã‚“
147,ã¾ã¤ã‚‚ã¨ã‹ã¥ã
148,ãƒ¦ã‚³
149,é’æ¯
150,gabrielsue
151,æ·±æ´¥å‹æˆ
152,BLAHITE
153,voyatzki sabanobic
154,æ·±æ´¥å‹æˆ
155,kon
156,ã“ã°ã‚„ã—
157,Takeshi obata
158,ã¶ã‚“ã¶ã‚“
159,éˆ´æœ¨å•“å¤ª/urban
161,Koji Kajikawa
162,misuzuphoto
165,magnarly
167,JIJI
168,deniz
170,Rin
172,å ‚å±±é‰„å¿ƒ
173,å ‚å±±é‰„å¿ƒ
175,wako
180,SHOTARO
181,Makoko
182,junya chida
183,AKIRA
184,rin
186,Kaori Nogami
187,Touchan
188,ãŸã‘ã—
189,ã†ãˆã®
190,ponichi
191,Tatsuo Suzuki
192,ã‚·ã‚­
193,ã„ã¡ã‹ã‚
194,ichi
197,ã‹ã¨ã†
198,kubo makoto
199,itoi
200,ã‚³ãƒ³
201,ã‚ªã‚ªã‚©
202,SHOTAMISUMI
203,åŠ›çŸ³å¿ å½¦
204,ã¾ã·ã•ã‚“
205,nve
206,è²¡æ´¥è£•ä¹Ÿï¼ˆyuya_z003ï¼‰
207,HarQ
208,NEE
209,ã²ã‚ã½ã‚“
210,Ryuto Kurokawa
211,shima
212,Takehiko Hirabayashi
213,marie.
214,KIRAKIRA
215,æ£®é‡ãƒ¨ãƒ«
216,mt_portrait
217,nabecam
218,nabecam
219,waaaarm
220,mosty.p
221,hiram
222,TAKASHI
223,Yoshizaki Takahiro
224,å¤å·æ¸…æµ
225,ã‚Šã‚…ã†ã„ã¡
226,ãã‚Œã‚„ã˜
227,ã‚†ãŸã‹ãã‚“
229,m
230,ããƒ¼ã¡ã‚ƒã‚“
232,ãƒ“ãƒ¼ãƒãƒ¼
233,ã‚¢ãƒªã‚¹
235,ã‚¢ãƒªã‚¹
236,ãã‚ƒã‚‚ã‚“
238,jet_naoki
239,MEGULA
240,ã»ã£ã—ãƒ¼â˜†
241,ã‚†ãŸã‹ãã‚“
242,Shinobu Nakaima
243,ã‚¤ãƒˆã‚±ãƒ³
244,ããƒ¼ã—
245,ãƒ¤ãƒƒã‚¹ã‚£ï½
246,NSUN
247,ç‹ä¸€éŠ˜
248,Ken
249,ã‚ˆã£ã—ãƒ
250,ãˆãŸãªã‚‹å¨äºŒç—…
251,ãã‚€ã‚‰ã‚ˆã—ã²ã‚
252,æ°å®¶ï¼ˆã†ã˜ã„ãˆï¼‰
253,yuuu_ichi
254,bgGduq
255,ä¸ƒç€¬ã•ãã‚‰
256,shun toguchi
257,èƒ½ç™» ç›´
258,ã‹ã‚“ãªã¡ã‚ƒã‚“
259,Thom Yoshida
260,sin
261,kazuya imamura       hair&make-up   /   headprop design
262,kira
264,macoty
265,ã¼ã£ã¡ã¾ã‚‹ã€‚
266,omisu
267,MATSUNAGAã€€TORU
268,ã‚¢ãƒ©ã‚«ã‚­ãƒ’ãƒ­ãƒŸãƒ„
269,senaã€‚â™¡
270,ã•ã®ã“
271,å½©å· ã¿ã
272,fukumoonparty
276,ç™¾åˆæœ¨ç¾æ€œ
277,ãŸãªã‹ã¿ã»
278,å¤§åŸå¤šé¦™å­
279,ã®ã®
280,ãŸãªã‹ã€€æ„›
281,Kuniken
282,Riku Ito
283,ten
284,Aristasy
285,HIRO
286,ã‚Œã‚“ã˜
287,tetsu_photography
288,Satoru Seibayashi
289,NAGISA
290,ayallie
291,akiruck
292,kaoriyama428
294,Tetora
295,Hiziri Photography
296,ã¸ãƒ¼ãŸ
297,ãŒã¿ã£ãã™
298,ã‚‚ã‚‚ã“
299,ã‚‚ã‚‚ã“
300,æ¡‚è¯
301,çŸ³å…µ
302,yukke
303,Alissa
304,sasattie
305,ã‚Œã«ã†ã‚€P
306,å±‘
307,ãã‚€ã‚‰ãã†ã™ã‘
308,æ´¥æ‘æ˜å½¦@click
309,Reiji Dando
310,æ± ç”°å®ˆ
311,ãƒãƒ’ãƒ­
312,Capture Tokyo
313,KIZEN
314,é­šã€…å­
316,ãƒ¡ã‚¿ãƒ«ãƒ—ãƒªãƒ³ãƒˆÂ®ã®ãƒ‘ã‚¤ã‚ªãƒ†ãƒƒã‚¯
317,yokamada
318,ï¼¿ï¼¿hinaka
319,æ°´é‡ æ²»çŸ›
320,Yosh
321,Tamotsu.Sogawa
322,HAL
323,okachu
324,SAkKi
325,nuko_nuko
326,å·æœ¬å’Œæ­£@ã‹ãˆã‚‹ã•ã‚“
327,å®‰é‡ŒãƒŸãƒ 
328,ã¾ã£ã¡ã‚ƒ
329,ã‚ã‘ã£ã¨
330,ã‚³ã‚¦ã‚¿ã‚±ãƒ€
331,harashi0822
332,åŒ—æ–—å¤©å·¡
333,?åŒ—æ–—å¤©å·¡?
334,MIKI SAUCE FINE ART PHOTOGRAPHY
335,n.r_photogallery
337,gouta
338,ç‡ˆè‘µ
339,Marin.
340,æ¸¡è¾ºã€€é–ä¹…
341,Hoshikawa Yozi
342,Yoshifumi_enzo_ Horiwaki
343,masaki_ilce
344,hal
345,mstk_photograph
346,mako
347,è’¼ç¹­å¥å¤ª
348,RJTT
349,LEWO SAITO
350,ã„ã¨ã†ã‚ãã‚‰
351,æ ¹æœ¬ç¶¾å­
353,moto
355,yumeo
356,é’å±±é”å“‰
357,Yohakufill
358,Mami
359,å³¯å²¸ äºœä¼Š
360,IKAPON
361,ã‚ã£ãï½
362,å‰æ‘æ°¸
363,Rivarge rena
364,Syuji Oshima
365,Nao
366,ãµã‹ã—ã‚“
367,yos.
368,çŠ¬ï¼ˆé–¢è¥¿ï¼‰
369,å±±ç”° è‰¯ä¸€
370,ã‚¢ã‚¹ã‚­
371,ãŠã¡ã“ã†ã„ã¡
372,ãªãŠï¼ LPN
373,Junichi Otani
374,æ¡œèŠ± çœŸå§«
375,Hiro FKD
376,photo studio ã€ŒLEMONedã€
377,å°å³¶è‘µ
378,ã‚‚ã‚‚
379,ã‚­ã‚¯ã‚·ãƒ¥ãƒ³
380,ãªã¿ã
381,AKi
382,ãŠã¨ãƒ¼ã•ã‚“
383,hyt
384,Nana
385,ãƒˆãƒŸãƒ¼
386,ã‚ã‚“ã³ãŸã‘
387,Hashino Tooru (Tetsu)
389,çŸ³å€‰å­æœ—
390,ã®ã¶ã•ã‚“
391,ãµãŸã¤ã‚€ã‚‰
393,yo-pe
395,Masanori Yasuno
396,Gatukye
397,mirai
398,Marzy
399,sakamoto
400,æœˆèŠ±
401,ç«¹ä¸­åº·äºº
402,yoshi
403,Xxy_yoshi_yxX
404,æ©‹çˆª å’Œå“‰ / Hachi
405,a
406,ã‚
407,ç¬ å²¡ éš†ä¸€
408,MasakazuM
409,TAKAHASHI23
410,TAKAHASHI23
411,Yoshinori
412,jyu
413,æ¨‹å£ èŒ‰è‰å­
414,nbutterfly
415,ä¸¡äº•è£•ä¸€
416,ä¸¡äº•è£•ä¸€
418,ne-ro
419,ã¿ã‚„ã‚€ãƒ¼
420,KENSAKU MATSUMOTO
421,Yari
422,akanatoinuk
423,Dee
424,hugo ryo
426,æ¾å¶‹ ä»
427,ã‘ã‚“ã¡ã‚
428,ã‹ãšï¼°ã€œ
429,belljura
430,sushi
431,Hiroki Taguchi
433,Tetsuya Sato
435,ã¨ã‚‚ã²ã‚
437,ç«¹æœ¬å®æ­£
438,kichi
439,kohki
440,é«˜æ©‹ã•ãã‚‰
442,episode_J
443,ãƒŸã‚«
444,éš†
445,ã—ã’G
446,plan-d
447,takenoko
448,HBD-SOS
449,ãƒ¤ã‚¨
450,UG ã‚¿ãƒŠã‚«ãƒ¦ã‚¦ã‚¸
452,Chikaphotography
455,HIRORIN
456,å¤¢æœˆé¢¨éˆ´
457,ã¿ã‚„ã—ãŸ
458,ã‚¸ãƒ¼ã‚³
459,ogs
461,Kanae Suzuki
462,å°å³¯å°†å¨
463,NphotoåŸç”°
464,ãŸã‹
466,B
467,ãƒ”ã‚¨ãƒ¼ãƒ«ãƒ»ã‚¨ã‚¤ãƒ’ãƒ¬
468,Koji kishita
469,ã“ãƒ¼ãŸã‚ãƒ¼
472,koz_pg
473,tea time
474,ã´ãƒã‚ã¿
475,Rebel
476,ã¾ã‚†ã¿
477,ç«¹å†…èŒœ
478,MIU_SAN
479,ã‚­ãƒ„ãƒãƒ„ã‚­
480,MiSO
481,silentpeople
482,etsuco
483,ãƒ¦ã‚¦ã‚¸
484,å¾¡é–€
486,karen_0_0v
487,ã•ã•ã•ã‚“
488,å˜‰-yoshi-
489,æœ¬é–“å„ªå¸Œ
490,M
491,ãƒªãƒ¥ãƒ³ãƒªãƒ¥ãƒ³
492,Tomoâ˜†
493,u4
494,å°æ¾¤è‰¯æ²»
495,ãƒã‚¨ãƒ€ ãƒˆã‚·ãƒ¤ã‚¹
496,å°é‡ç”°æµ©å¸
497,äºŒå…
498,ãŸã£ããƒ¼
499,ãã‚€ã«ãƒ¼
501,æ˜Ÿç•‘ã•ã¤ã
502,ã‚¯ãƒãƒã‚¢ã‚¤
503,Yosukex
504,Ryota_Photograph
505,ã‚„ã£ã¤ãƒ¼
506,Usupyon
507,GUNKI
508,ã‚¿ã‚«ãƒ’ãƒ­
509,HI-LIGHT PHOTOGRAHY
511,å¹³å²¡æ†²
512,AkioIwanaga
513,bluemoon
514,maT_chanG
515,Jin's photography
517,mili
518,sacicoma
519,ã‚·ãƒªã‚¦ã‚¹
520,tatsuya
521,ä¸‰æµ¦é›„é£›
523,NEKO
524,ISATOMI
525,æ±Ÿå— è³¢å¤ª
526,æµœäº•çœå¾
527,æ—¥é‡æ‹³å¾
528,ç¥ä¸€éƒ
529,HAZAMA
530,ritsuko
531,EIZI
532,hikaru gima
533,mokkun/film art laule'a
534,imi
535,ã‚»ã‚«ã‚¤
536,ã‚†ãƒ¼ã˜
537,Spike
538,brash bis
539,mmtt96
540,ãŸã‹ã®ã€‚
541,æ ¹æœ¬ç¾©ä¹…
542,akky(akkyroom)
544,takahiro shinohara
545,ã²ã‹ã‚‹
546,shige
547,çŸ³ç”°è–ç™»
548,èµ¤å¶ºå…ƒè¼
549,Yuki Amakura
550,è©æ£®é™½å¿—éƒ
551,AMI
552,yukiefujikake
553,Tsubaki Rokka
554,å¤§è¥¿
555,ã›ã‚“ã›
556,H yoshida
557,enigmart
559,é™æµ
560,photogragon
561,ã¡ã‚ƒã‚“ãƒãƒ³
562,ç›¸éƒ¨
563,ã®ã¶ã•ã‚“
564,ã‚€ã¡ãŠ
565,Tomari Yoake
566,nico
567,é—‡å¤œã®æµé›¢äºº
568,ã‚»ã‚­ã‚°ãƒã€€ãƒã‚µãƒ¦ã‚­
569,hryphoto
570,SIYORI
571,éˆ´æœ¨å¹¸æ²»
572,é»‘æœ¨ãƒ©ã‚¤
573,ã‚„ã¾ãã¡ã„ãã“
574,æ¹¯ç‰‡äº•ãŸã‘ã²ã‚
575,æ¹¯ç‰‡äº•ãŸã‘ã²ã‚
577,ãŠã£
578,ãƒ¨ãƒƒã‚·ãƒ¼
579,___1227_
580,ã¡ã‚ã
581,WHITE-GOLD-
582,ruma
583,é«˜æŸ³
584,kk
585,ãƒ—ãƒ¼ãƒ¤ãƒ³
586,ãŒã‚“ã˜ã‚…ã†
587,ã¤ã£ã¡ãƒ¼
588,Tomiharu Watanabe
589,Gelatin Silver
590,marywestâ˜†
591,ä¸ƒæµ·ãªãŠãŸã‹
592,ç±³ãƒ åˆ©èŒ¶ ï¼ˆãƒã‚¤ãƒ ãƒ» ãƒªãƒ†ã‚£ãƒ¼ï¼‰
593,Porcorosso
594,inuzuka
595,AKKA
596,å®‡è³€åœ°å°šå­
597,Taizi Sakamoto
598,23FILMZ
599,ãƒã‚¿ã‚±
600,daydream0024
601,samson J.
602,hazukiphotography
603,Sat Shin
604,å®—æ–¹ å‡Œ
605,uratsune
606,åŸå¤¢ã‚µã‚­ãƒ§
607,å¹³å±± ä¸äºŒ
609,æ¡œåº­ è–
610,Pan-nu
611,kira
612,masa_404
613,Waka Eiraku
614,rinko_yosioka
615,ã¾ã€œãã‚“
616,åœ°ç„è¡Œè„š
617,ame
618,bun
619,REGALO
620,knt
621,KAZUMA
623,å°æ—æ¾„æ
624,Kohei Iwata
625,asakurakonbu17
626,ã“ã‚“
627,ãŠã™ãš
628,hannnako
629,ä½³å½¦
630,ã‚¯ã‚¦ã‚¬
631,ã‚ˆã­ã‚„ã‚“
632,ã­ã‚‚
633,hizuki
634,Natsumi Koike
635,suu
636,MAAR
637,MELON
638,narnar
639,cocoro
640,æœ‰é¦¬çŒ›
641,yampy
642,Yuki Shimomura
643,Lahnphotography
644,Taachan
645,kazuaki_rain
646,Benner
648,ytksato
649,éœ§é›¨ éœ
650,onetwoçŒ«
651,yoshinori
652,Masa
653,MD747/DCC
654,tairahiro
656,Joe
657,Yuzumi Aoyama
658,ãƒ›ãƒ³ãƒ€ã‚¢ãƒ¤ãƒ
659,Chiaki Kurita
660,S.S
661,ä»Šäº• è‰¯
662,lockon
663,Suguru Nishijima
666,ã¡ã¦ã¤
667,çŸ³å™¨äºº
669,AI
670,å°æ—ã‚†ã
671,ã„ã
672,ãŸã ã®ã‚“
673,Shinobu
674,isemotty
675,ãƒ¢ãƒªã‚«ãƒ¯ã‚·ãƒ³ã‚´
676,K.
677,ã‚µãƒˆã‚¦
678,Jum Hoshigaki
679,ã½ã‚“ãã‚ˆ
680,SS-photo@è’¼ç©ºé‡ é›€(ï½¿ï¾—ï¾‰ï½½ï½½ï¾ï¾’)
681,Yuki Hayashi
682,è°·ç”° æ™ºä¹‹
683,seiji kazui
684,ã‚·ãƒ§ãƒ™
685,ã®ã¶
686,m1mimi09
687,Mona
688,yu-chan
689,Kei Eichi
690,ã‚±ãƒ³ã‚±ãƒ³ã‚¹ãƒ¼ãƒ‘ãƒ¼
691,yuta
692,HAMONED
693,ã‚¤ã‚°ã‚¢ãƒŠã•ã‚“
694,roto
695,ã‚ã‚‰ã³
697,Lotta
698,å°æ¾¤éƒ½æ˜­
699,yakata=kahii
700,æ‰å±±ç´”ä¸€
701,taki_
702,Tatcom
704,Nirecom
705,èˆä¾
706,itsumi
707,kanai photo
708,qwerty
710,ç¶æœˆç¾å¸†
711,QK
713,ãƒ¦ãƒƒã‚­ãƒ¼
714,Ryo
716,hideto_bop
717,Shirashow
718,Shiratama
719,h_kimura
720,ç”°ä¸­å¾¹ä¹Ÿ
721,ã‚­ãƒ ã«ãƒ
722,WAKA
724,ã‚·ãƒ¥ã‚¦ã‚«ãƒ©ã‚¹ãƒ
725,carette
726,ã‚·ã‚­
727,ã‚ªãƒ¼ã‚¿ãƒ
729,å±±çˆº
730,Rien
731,ç™½é»’ãã˜ã‚‰
732,Akinori Suzuki
733,Susumu Hayashida
734,Yuji Kumagai
735,XNONX
736,ã‚¯ãƒ­ã‚¿ã‚­
737,æ¨¹
738,yui ironiiss
739,MISAKI
740,George Tsukamoto
741,Kaion
742,Kaion
743,ãƒ–ãƒ³ã‚­
744,Smithk315
745,Billy Kei
746,é™½å–œ
747,murafu
749,ryo-09
750,Sally.
751,æªœå£å¸Œå®Ÿ
752,yukari_turkey
753,æ¡œäº•æœ±
754,ARAI
755,ã‚ãƒ¼ããƒ¼
756,ã‚¢ãƒ«ã‚«ãƒªæ€§
757,ã»ã¾ã‚Œ
758,Riku
760,taktty
761,kazuki fujiwara
762,takisxi
763,rei
765,T.Okamoto
766,ã‚„ã¾ãã¡ã‚ˆã—ã¿
767,Laskey
768,ããŸã‚ã
769,Karifa Japon
770,ã¡ã‚ƒã‚“ãƒãƒ³
771,nejimaki
772,æ‘æ¾ç´€ç”Ÿ
773,Shuichi Miki
774,KM.com
775,ã¨ã‚“ã¼
776,ã‚ã‚„ã¾ã¤
777,ã‚±ãƒ³ã‚¿ã‚½ãƒ¼ãƒ¤ãƒ³ã‚°
778,Haruka
780,ãŠãŠãˆã¡ãˆ
781,hyakushiki100
783,mariange
784,@KI
785,eggplant
786,main
787,ã™ã‚“
788,çœŸå§«
790,é¢¨ï½æ—…äºº
793,åŸå¯¶ ç¿”å¤ªéƒ
795,ã‚¹ãƒŠãƒ•ã‚­ãƒ³
796,ãƒ„ãƒƒã‚­ãƒ¼
797,TAKAO
798,ken
799,åŒ—å·ã‚Šãª
800,å‚å· ç›´ç´€
801,takemoto8311
802,130s
803,kon
804,è—¤ãƒæœ¨ã€€æ•æ˜
805,ç§‹å±±å¥½ä¹‹
807,å°ç™¾åˆ
808,ã½ã‚“ã•ã‚†
809,koo hamadrid
810,SuikaNyaaaan!!!
811,Zauerer
812,phaengy
813,Noriko Augusta
814,reizo
815,ç›¸æ˜Ÿ èŠ³å­
816,KINTAROSE
817,MASAHIRO TAKAHASï¼¨I
818,ãˆã‚‹ã–
819,å„ªã€€å„ª
821,Takayuki.F
822,ALLIE'S PHOTO STEEZ
824,éº¦è³€
825,SPAWN
826,ã¾ãŒã‚Š
827,Mami Matsumoto
828,Hunyaji
829,æœ«æ”¿å…‰æ˜­
830,RINN
831,toshigraph
832,HIDEYUKI SHIMAKURA
833,çŒªç†Šã€€è™æ¬¡éƒ
834,DollyMonster
835,Coppelia
836,é·¹ç§‹
837,Nobu
838,NORI
839,garasunokutsu
840,ã‚ãµæ°
841,makororo
842,ã—ã 
843,Gou Yamada
844,ã—ã‚é¯–
845,æœ¨é‡æ­£å¥½
846,ãƒã‚­ã‚¨ãƒã‚­
847,ä¸‰è¼ªæµ©å…‰
848,èŒ¶ä¸€
849,Dan
850,r e i
851,Yuka Uemura
852,Yuka Uemura
853,Y.T-photographer9630
854,å¤¢èŠ±ç‹‚å­
855,RYO
856,å°é³¥éŠã¾ã‚ã‚€
857,Yasu-tk
858,è¥¿å¶‹æ„›æ·±
859,è¥¿ç«¯ å„ªæ¨¹
860,Chihane
861,miyu
862,charry
863,ã¨ãã‚’
864,ç”˜éŸ³
865,ä¸­é‡
866,kosuke_kurebayashi
867,Takeshi Marumoto
869,ãƒ‹ã‚³ãƒ³
870,åŠ èŒ‚ä½‘ä¸€
872,Chiba Evgenia photography
873,Mayumi
874,kiyo_hairmake
875,Yuzu
876,Naoki Murakami
877,ãƒ‹ã‚·ãƒ¨ã‚·ãƒ¦ã‚­
878,ä»Šäº•åºƒæ¨¹
879,ãƒ•ã‚©ãƒˆï¼†ã‚µã‚¦ãƒ³ãƒ‰ã€Œå ªå¿ã€
881,ã»ã—ã¿ã‚„
882,ã™ã‚‹ãŒç¥å¤ªéƒ
883,Gen Nomura
884,å±±ä¸‹ æ­å¹³
885,schn
886,doubleside
887,ãŸãã¾
888,Keigo
889,tsubasa kobayashi
890,YUYA NAGAO
891,yt_camellia
893,ã‚ˆãŸã‹
894,ã—ã‚“ãŸã‚ã†ã€‚
895,ã˜ã‡ã—
896,ao asu
897,yoshi
898,ãƒãƒ«ã‚³ãƒ•ã‚©ãƒˆã‚°ãƒ©ãƒ•
899,ãŠã®ã§ã‚‰ã‚ã¤ã—ãƒ¼
900,èŠäº•ç¾é¦™
901,ãˆã‹
902,æ–°è°·å¥æœ—
903,ã‹ãšã¡ã‚ƒã‚“
905,Eternal photo   å°Šä¹‹
906,nobu Photograph.RN
907,æµœç”°å¤§é›… Taiga Hamada
908,ãŠãƒ¼ãŸã€‚
909,Ron3
910,T.fujii
911,Yoh
912,Smithd637
913,Shiba
914,kenichi
915,Koudai ishigame
916,ã¦ã£ã¤ã
918,R.A
919,Aki hasegawa
920,kenzo.
921,å¹³å±±æ˜é¦™é‡Œ
922,RINN
923,Fuuka
924,ã¾ã‚ã ã„ãµã
925,kazuhiro69kameyama
928,kogetsu
929,ã‚ˆã—ã‚…
930,?ã´ã‚ˆã‚Š?
931,ã‚ ãŠ ã®
932,è¥¿æ‘ æ¯¬ä¹ƒ
933,å…ƒäº€
934,Sakiko Misono
935,RINKO
936,Kazuyoshi Ueda
938,wilight
939,ã‚ã‚„ã±ã‚“
940,ã¾ã‚ã‚“
941,äºŒä¸Šã¯ãã‚‰
942,HaCHi
943,Cannelle
944,scoop kawamura
945,ç‰‡å±±åŒ—æ–—
946,è¿‘è—¤è–å­
947,å¤§å´è²´å¼˜
948,ã•ã‚„å¬¢
949,bronze
950,sindo
951,NATSU
952,ãŸãªã‹ãˆã‚‹
953,å°¾å½¢ æ‹“å·³
954,çŸ³ç”°ã€€åƒå¸†
955,satocame
956,çŸ³ç”°ã€€åƒå¸†
957,Nao_i
958,å²¸ç”°ã€€æ™¶äºº
959,SHOGO YASUDA/ã‚„ã£ã•ã‚“
960,Koukichi Takahashi
961,ãƒˆãƒ¼ãƒã‚«
962,æµ…å€‰ãµã¿ã²ã¨
963,yushi
964,Take
965,ã‚·ãƒ
966,sho
967,hirokz
969,Seiya
970,Ryo
971,èšæ¥½é½‹
972,Haruki Saijou
974,çŒ«ãƒ»è¶³
975,Nobby
976,Gomez555
978,aya.
979,Akifumi Egami
981,ura_richard
982,xzekix
983,Yopi.higurashi
984,yuuki
985,ã¯ã‚Šã¼ã¦
986,æ¨ªç”°ãƒ¬ã‚ªãƒ³
987,Chii
988,ãƒ’ãƒ­ã‚­
989,ã‚‚ã‚‚
990,utonik
991,ã„ã¡
993,ï¼»itoï¼½
994,Kazuya Seki
995,Dasato
996,ç‘ èŠ±
997,ãµã¡ã‚ãŠã°
998,ã‚¸ãƒ¥ãƒ³ãƒšã‚¤
999,Cannelle
1000,æ¾æœ¬ç¯¤å­£
1001,michitaka
1002,yuuki
1003,miya
1004,Maeshin
1005,ã‚³ã‚¦ã‚¸
1006,aimi kajiwara
1007,takao
1008,rararu
1010,ç ç’ƒ(Julie)
1011,Photo
1013,ä¸‡å–œ
1014,Nice Try
1015,ã“ã“ã 
1016,acky
1017,ã—ã‚“ã‚„
1018,ãƒˆãƒ ã«ã‚ƒã‚“
1019,ã½ã‚“ã¡ã‚ƒã‚“
1021,ãŸã‹ã¤ã‚“
1022,hoi-chi
1023,NARUTOMO
1024,KAT-TUN
1025,ãªã¿
1026,Sachi
1027,bonboriina
1028,bonboriina
1029,ãƒ‡ãƒ©ã‚·ãƒ
1030,Keng Chi Yang
1031,loughlove
1032,å°é‡é †å¹³
1033,c516u
1034,ä¸­æ‘å…‰ä¸€
1035,ã—ã‚…ã‚Š
1036,koâ†’hei
1037,Eddie
1038,hiro.k
1039,HIROFUMI YAMADA
1040,ãƒãƒãƒ¼ã‚¯ãƒªãƒƒãƒ‘ãƒ¼å‰æ²¢
1041,Ryutaxx
1042,Joe Chen
1043,ã“ã‚†ã
1044,å¥(ã‹ã‚“ãª)
1045,Kikyo
1046,Kikyo
1047,åœ°ä»£èŒ‰è‰èŠ±
1048,Hiro
1049,mari
1050,HANEBO
1051,any6024
1052,Ikeda Satoshi
1053,TOM
1054,Sayuki
1055,å¯Œé«˜ æµä¸€
1056,ã•ã‚ˆ
1057,ã‚ã•ã²
1058,ãƒªãƒ³ã‚´ã‚³
1059,ryn
1060,ã‚¢ã‚ªãƒƒã‚­ãƒ¼
1061,D
1062,Iconique
1063,Ryutaxx
1064,ã¨ã¨
1065,Ryukiâ˜†
1066,hirocchi
1067,Taka@ki
1068,nikupon
1069,ã«ãƒ¼ã‚€
1070,ç¯‰å³¶ å»ºéƒ½
1071,å¤©
1072,ã‚­ã‚µãƒ©ã‚®ãƒãƒ«
1073,ã¿ãƒ¼
1074,ã¦ã‚ƒã‚“
1075,ã˜ã¾å¤ª
1076,HATA
1077,ãƒŸãƒŠã‚±ãƒ³
1078,tomo
1079,Sumikaika
1080,toshiã•ã‚“
1081,mimidoll
1082,ã­ã‚€
1083,ã­ã‚€
1084,ãƒãƒ«
1085,ãƒŠã‚«ãƒ ãƒ©ãƒ¨ã‚·ãƒãƒ¼ãƒ–
1086,tukinaâ˜ªï¸
1087,ãºããã
1088,chiharu
1089,Billy Kei
1090,å”¯
1091,tam2000
1092,Yuri
1093,ãã‚‹ã¿
1094,å§«å·ã‚¢ãƒªã‚¹
1095,ç¥åŸã‚‚ãˆ
1096,ãƒãƒ«ã‚¿
1097,Inamine
1098,æ¾ª
1099,ãã‚“ã
1100,BLUE
1101,å¤•æš®ã¾ã‚Œ
1102,kuro.
1103,Re:g
1104,æœªæœ‰
1106,ã‚¢ãƒ“ãƒ
1107,ã²ã•ã—
1108,ã‹ã™ã‚€
1109,marniigheita
1110,ç›¸å¾³æ•ä¹…
1111,å§«å®®ã‚‰ã‚“
1112,ã¾ã‚†ã‚‰
1113,ç¸
1114,ãƒãƒŸã‚¿ã‚¹
1115,zaki
1116,mao
1117,ã•ãã‚‰
1118,ã‚ãŠã„
1119,sheena
1120,TOMOYUKI
1121,çŒ«ç”°ã­ã“
1122,Hiropon
1123,kentotto
1124,æ±é›²æ‚ æ°´
1126,nattsu
1127,Masaki Wada
1128,Masaki Wada
1129,æ˜Ÿé‡è‹±ä¸€
1130,ç´…ã†ã•ã
1131,ç´…ã†ã•ã
1132,nishinosuke
1133,æ¤æ¾
1134,Emu
1135,ã‚Šã‚ã‚“ã¡ã‚ƒã‚“
1136,çˆç²
1137,ããšã¯ã‚‰ã¾ã‚Š
1138,é€²æ’ƒP
1139,ã‚·ã‚«å¤ª
1140,momonga
1141,e
1142,ã‚»ã‚¹
1143,æ‚ å¤ªæœ—
1144,ã¤ã°ã‚
1145,å‚æœ¬å…‰ç´€
1146,Yu Utsumi
1147,å‰ç”° ä¸€ç¾
1148,ã¿ã¤ã
1149,S-H.Photo-Nori.M
1150,yui
1151,æ¢¶è°·å®®ã€…
1152,smi
1153,Kei
1154,ã®ã‚Šã´ãƒ¼
1155,ã‚ãƒ¼ã‚‹
1156,é¾
1157,m240
1158,ç§˜æ›¸å­
1159,ã„ã‚ˆã‚Š
1160,æ²™å¥ˆ
1161,LILY PHOTOGRAPHY
1162,ã•ãˆ
1163,ã‚†ãš
1164,ã„ãŠã‚Š
1165,Sung
1166,shizuki
1167,shokora
1168,ç™½é³¥æ„›ç ‚ç¾
1169,ã‹ã„
1170,coto
1171,Yuto Takahashi
1172,ã‹ã„
1173,é•·è°·å· è£•è¨˜
1174,ãŒã
1175,ãŒã
1176,tsuchimasp
1178,makishin
1179,Kazuomi Kawazu
1180,ãƒãƒ§ãƒ³ãƒãƒ§ãƒ³
1181,ã‚·ã‚²ã‚­ã€€ã‚¤ãƒˆã‚¦
1182,è€€
1183,rockan201
1185,ã‚ã„
1186,é˜ªäº•å£±æˆ/å…ƒé™¸ä¸Šè‡ªè¡›å®˜ã®ãƒ’ãƒˆã­ã“å†™çœŸå®¶
1187,ãã‚‹ã¿
1188,ã‚Šã‚“ã­
1189,ã¿ãƒ¼ã—ã‚ƒ
1190,ã¿ãƒ¼ã—ã‚ƒ
1191,NKYN
1192,Gaku
1193,é»’å´ãƒ¢ãƒ¨ã‚³
1195,ä¸ƒæµ·ã‚½ãƒ©
1196,ann
1197,ã‚„ã¾ã 
1198,yui.k
1199,F.TAKAHASHI
1200,ã¾ã¤ã‚‚ã¨ã‹ãšã²ã•
1202,å¤§æœˆ æœ›æ„›
1203,ZONO
1204,ãƒ¤ãƒƒã‚·ãƒ¼
1205,æ‘ã•ã‚“å‰
1206,é…’äº•å„ªä¸€
1207,ã¡ã‚ƒã‚“ã‚ã„
1208,ç¾è‚Œé˜²è¡›è»
1209,ç¾è‚Œé˜²è¡›è»
1210,ãƒ¦ãƒªãƒã‚³ã‚¦ã‚¤ãƒ
1211,Luke Craig
1212,ã¾
1213,ãã‚‹ã¿
1214,ãƒŠãƒ„ãƒ¡
1215,nakano
1217,ã‚·ãƒ¥ã‚¦
1218,Taiki Aiba
1220,DAICHI
1221,WONA
1222,ã—ãŠã‚“
1223,Hatsu
1226,crayonsstaff
1227,HANZO
1229,yokoya
1230,Warp0519
1231,æ£®ã‚·ã‚²ãƒˆã‚·
1233,eiz
1234,Hilao Shin
1235,sig
1236,eisuke mashino
1237,88yachi88
1238,Ritsu
1239,aykya.127
1240,å…«åƒä»£
1241,ã‚Šã‚‡ãƒ¼ãã‚“
1242,tomo
1244,Naoto Ichihara
1245,seico.and
1246,PONä¸¸
1247,ã—ã‚€
1248,äººé–“
1250,é›…è¾º
1251,TK
1252,Tsukada
1253,ã‚‚ã“
1254,Manaka
1255,ClareDoll
1256,aric
1257,Nana
1258,Hitographer
1259,ã¾ãªã¶ã‚“
1260,Truth?
1261,ç¤¾é•·ã•ã‚“
1262,kentotster
1263,Hikaru Shine
1264,m99668
1265,erico
1266,i_bax
1267,ä¸­é“ å¤§è¼”
1268,JIJI Yoshida
1269,ã‚†ã†ããƒ
1270,åƒç§‹æ˜ç¾
1271,ERI
1273,åªé‡å¥¥
1274,ã‚¨ãƒˆã‚Šã‚“
1275,è“®æ°´ã‚·ãƒ§ã‚¦
1276,kari
1277,Kumiko Abe
1278,ãã‚ƒã‚“ã¹ã‚‹
1279,ãƒãƒ«
1280,m282121270
1281,xxxxDrMxxxx
1283,ã»ã´
1284,ä¸‹æ¢ ç¥ç¾
1285,ichi
1286,mami
1287,a.s.u.k.a.t
1288,Toshimi
1289,Hidekazu  TABUCHI
1290,Shiho.Yasaki
1291,Aki
1292,Q.
1293,Masago Hattori
1294,Makoto Watanabe
1296,ã¯ã‚‹ã‹ã‚
1297,Jun
1298,ã©ã‚*
1299,masa
1300,å§«ç™¾åˆå¤¢é‚£
1301,é³©å±‹
1302,AM
1303,ï¼Šã•ãã‚‰ï¼Š
1304,ã¾ãˆã¯ã‚“
1305,KAI
1306,hiro
1307,SHINYA
1309,ã—ã‚ãã¾17
1310,ã—ã‚ãã¾17
1311,shin black
1312,ãƒªãƒªã‚£
1313,Olivier Serrau
1314,Jiro Sunohara
1315,Jiro Sunohara
1316,Tamachan
1317,æ± ç”° æ‹¾å‹™
1318,KEI MURANAKA
1319,irodorizm å½©pan
1320,shin_black
1321,Mikyan
1323,Eiichi Azumi
1324,ãƒ¤ã‚¶ãƒ
1325,ã‚Œã§ãƒã‚
1326,CRAYONS
1327,ãƒ—ã‚¸ãƒ§ãƒƒãƒˆ
1329,ã‚†ã£ããƒ¼
1330,ã‚†ããŠ
1331,é€šã‚Šã™ãŒã‚Šã®æ”¹é€ ã‚«ãƒ¡ã‚³
1332,ã„ã‹
1333,ã“ã‚‹
1336,Asahi Kotaro
1337,kazu_koda
1338,naru
1339,ãŠãŠãŸ
1340,äº•ä¸Š éš†ä¹‹
1341,ã‚¿ãƒŠãƒ™ãƒãƒŠãƒ–
1342,Macky
1343,eclair
1344,åƒé‡‘
1345,Junichi T
1346,REIKA
1347,toyo
1348,hoshinamiho
1349,HIEDA HIROKI
1350,Takaya_eye
1351,chie hana
1352,Tatsuya Akiyama
1353,naopy66
1354,ke
1355,éº¦ ã‚Šã‚Šå­
1356,ã‚ãšã
1357,ã“ã¨ã¶ã
1358,ã‚·ãƒ
1359,ãˆã¾
1360,Kuma
1361,ã‹ã‚Œã“ã‚Œ
1362,shin_black_
1363,Casa Mari
1364,ã´ãƒ¼ã—
1365,mina
1366,ã‚¹ãƒ™ãƒ­ã‚¢ ã‚¸ãƒ³ãƒãƒãƒ³
1367,é»’æ°´ é›ªé‚£
1370,Halcion
1371,Halcion
1372,sae
1373,ãƒ­ãƒ¼ãƒªãƒ¼å°å€‰
1374,mosamosa.
1375,æ˜Ÿé‡è€•ä½œ
1376,AiR(ã‚¢ã‚¤ãƒ«)
1377,ãƒŸã‚­ã‚ª
1378,nao.
1379,hachi
1381,Tsumire
1382,ã‚†ãª
1383,Xennah
1384,æ æ²»ç¾
1387,ãã†ã„
1388,happylife.0703
1389,ã‚‹ã„
1391,masa
1392,Akio Akanuma
1393,_sce_mo_(ã‚·ãƒ¼ãƒ¢)
1394,hanako
1395,natuki565
1396,æ§™é‡å¼˜æ¨¹
1397,ã‚Šã‚Šã´ã‚‡ã‚“
1398,ç«ç‹ç¤¼æ–—
1399,black_pepper
1400,m/t
1401,Hide Ishida
1402,HIROYAFOTO
1404,Kojima
1405,ãƒŠã‚ªã‚­â˜†
1406,Masanao Noda
1407,ã‚‰ã‚ã‡ï½—
1408,ã¨ã‚“ã™ã‘
1409,éº»ç”Ÿè—é‡Œ
1410,ã¨ã¿ã ã ã„ã
1411,ã‚³ãƒªãƒ‰ãƒ©ã‚¹
1412,go
1413,KS
1414,MARI ONOUCHI
1415,æ­¦è‡£ - TAKEOMI -
1416,wally
1417,æ†‚é£›
1418,é€èˆ éŠ˜å¤¢(ã¨ã†ã¾ã‚ã„ã‚€/ã¾ã‚)
1419,Akane G Kofuji
1420,AFFA
1421,Tatsuya
1422,Yuriko Haraguchi
1423,7053ã¡ã‚ƒã‚“
1424,Keiko
1425,ã‚¢ãƒˆ
1426,Kengo
1427,Shinji Kuwayama
1428,kashiasu
1430,nefeltary
1431,ãƒ†ãƒ«
1433,ã‹ãš
1434,ZEROSTYLE
1435,SUGURU
1436,ãŸã‘ã¡ã•ã‚“
1437,akio kawada
1438,ãšã‚“ã é¤…
1439,ã‚«ãƒ¯ã‚µã‚­ãƒŸã‚µãƒ¨
1440,ã‚µã‚«ã‚¤ãƒŸã‚µãƒ¨
1441,ç¾©
1442,ãƒ¢ãƒŸã‚¸ ã‚¨ãƒª
1443,ã“ã†
1444,æ¾æœ¬å¯›ä¹‹
1445,ã‚‰ã„ã¡
1446,ç‹ä¹é¾
1447,Aluto
1448,æºç‚‰ãˆã¨
1449,åŒ—ç”°ã€€è£•ç« 
1450,ãƒ‹ã‚³ã•ã‚“
1451,ã¯ã«ã‚ƒå­
1452,Xeno Design Product
1453,hana
1454,youki
1455,ã‹ã‚ã¡ã‚ƒã‚“
1456,Tomas
1457,åƒå¤§ ç¿¼
1458,TSUBASA CHIDAI
1459,1049
1460,æ‰å±± å°šå²
1461,ã²ã§ãŸã‘
1463,ginoï¼ˆã˜ã®ï¼‰
1464,å·æ·» æ•¬å¤ª
1465,é³´è‘µ
1467,ã¿ã¡ã‚‹
1468,ä½é‡å°æ³¢
1469,ãƒ¨ãƒ¼ã‚¼ãƒ•
1470,ä½å€‰ä¸–æµ·
1471,mira
1472,ç”˜å…š
1473,Reo
1474,â™±ğŸŒ¹AkAzAwAğŸŒ¹â™±
1475,takuyaï¼¿kimizuka
1476,ted k
1477,ã‚„ãªã›ã¾
1478,saya
1479,Ebi_channel
1480,ã¯ã‚„ã‹ã‚
1481,ACCHI
1482,æœ§
1483,åŒ¿
1484,kiiro
1485,GOTHICS
1486,æ½¤
1487,é‡å°»æ¹–
1488,Reiyu
1489,Shinsuke
1490,å¤§æœ¨ä¸‹ å¥ä¸€
1492,Shinji Man
1493,é¥é‡
1494,åŠ èŒ‚ã—ã®ã¶
1495,æ±Ÿæˆ¸ä¹ƒå·
1496,HUCU
1497,kao
1498,ã¾ã“ã¨
1499,ã¾ã“ã¨
1500,Masanori Mizoguchi
1501,ãƒ´ã‚§ãƒ«
1502,kiyohiko
1503,ãƒ•ã‚¯ãƒŠã‚¬
1504,kei
1505,abechan
1506,ã¼ã•ã£ã‹ã¡
1507,ã‚„ã¾ã‚‚
1508,Jyaico
1509,ç‹¬æ¥½
1510,akira
1511,t_k_hs_y
1512,t_k_hs_y
1513,é ˆè³€ãˆã¾
1514,ãƒãƒ©
1516,ï¼ƒã‚Šã°ãƒ¼
1517,Ellie
1518,GOMETAN
1519,you
1520,KANEKO
1521,Shinji Ono
1522,é»’å­ç¶¾
1523,eap_p
1524,é¯¨é‡ä¸–å¤ªéƒ
1525,çŸ³äº• è‹±æ™´
1526,ããƒ¼ã‚„
1527,HK
1528,kazuya akiba
1529,kazuya akiba
1530,SUMIRE
1531,SAKI
1533,moto
1534,ãã¼ã¯ã˜ã‚
1535,Green
1536,FUNA-SEAï¼ˆãµãªã—ãƒ¼ï¼‰
1537,ã‚«ãƒã‚³ãƒˆãƒ¢ã‚­
1538,Mawar
1539,Umi
1540,ã›ã¤ã“
1541,ãƒ¡ã‚µã‚¤ã‚¢
1542,å‘¨é˜² é€²ä¹‹ä»‹
1543,Akiko
1544,å–«èŒ¶åº—
1545,nono
1546,Twishj
1547,æ¾ã®æ¹¯
1549,å¾Œè—¤ æ´‹è¼”
1550,tadi
1551,jyasumina
1552,YAS.
1553,ã‚Šã‚‡ã†
1554,Takanori Anan
1555,å¹½é¬¼
1556,ã‚·ã‚ºã‚«
1557,éŒ¦æ½¤
1558,ã‚·ãƒ³ã‚¤ãƒãƒ­ã‚¦
1559,acha
1560,Rinaty
1561,TITO
1562,Kiyomasa Takagi
1563,é‡åŸ è€•åŠ©
1564,Woo
1565,saori
1566,Sigma
1567,å±±æœ¬ç”°
1568,M's photography
1569,æ¶¼ãƒ»ã‚¿ã‚¤ãƒ©ãƒ¼
1570,Foxwalk
1571,æ˜ç¥å¸†ä¹ƒåŠ 
1573,yousaku
1574,ERIKA
1575,kanjita
1576,norinoring
1577,Shiki
1578,ã‚¤ãƒ³ãƒ‡ã‚£
1579,yath
1580,ãƒãƒ¼ã‚·ãƒ¼éˆ´æœ¨
1581,hiro1958
1582,Rino
1583,ãƒ–å„€ãƒ¼ãƒãƒ³
1584,ã‚¿ã‚°ãƒãƒŠã‚ªãƒ’ãƒ­
1585,villa12
1586,ãƒ‹ã‚·ãƒ¤ãƒ ã‚¿ã‚¯ãƒŸ
1587,yasupatti
1588,è²æœ¬è³¢ä¹‹
1590,sugar not cafÃ©
1591,Tommy Village
1592,AVANTGARDE.KENTA
1593,Kanata
1594,ã‚ãŠã°
1595,ã‚¿ã‚·ãƒ­ãƒ„ã‚«ã‚µ
1596,onimaru
1597,ã‚†ã‚‰ã«ãƒ
1599,7ASnyDoU
1600,ã•ãã•ã
1602,KENICHI
1603,k_ino
1604,uji
1606,ã¯ã¾ã“ãƒ¼
1607,superkillifish
1608,isola
1609,é˜²é•·ã€€å¥å…
1610,å…ƒå±‹åœ°ä¼¸åºƒ
1611,Tango-Noir
1612,ãƒ†ã‚¹ãƒˆãƒ¦ãƒ¼ã‚¶
1613,keity
1614,ishiwa tatsuo
1615,ã‚ã‚†ã¿
1616,ãƒ­ãƒ‰ãƒªã‚²ã‚¹é‡‘å‰›
1617,å››å­£
1618,tomoishi
1619,hiro
1620,CYBERPORT
1621,uruma.pentax
1622,SHN
1623,tomoys
1625,NEGGY
1626,ä½è—¤ç¥ä»‹
1627,ã¯ãƒ¼
1628,Uruma.camera
1630,æ·±äº•ç¾è²´å­
1631,ã“ã ã¾ã€‚
1633,Shivar
1634,yui
1635,ikuno
1636,Shi.Chi.
1637,ãƒ„ã‚«ã‚µãƒ»ãƒ‡ã‚£ã‚­ãƒ³ã‚¹ãƒ³
1638,hji_photo
1639,Totsukaku Sakamoto
1640,å±±ä¸Šè¬™ä¸€
1641,ã‚ãã‚‰
1642,ç§¦è–å­
1643,shinphoart
1644,ãƒŠãƒŠ
1645,Sazae
1646,Keiko Sakai
1647,Moheizi
1648,å±±å£è™å¤ªéƒ
1649,é˜¿éƒ¨æ™ºå­ï¼ˆkanon )
1651,Q
1652,setleserwk
1653,QROUCHAN
1655,ã‚¹ã‚ºã‚­ãƒ¬ã‚¤ã‚¸
1656,åƒä»£ç”°å½¦
1658,Karolina M Skorek
1659,ä¸‰æµ¦é›„æ¨¹
1660,Chizuru Inoue
1661,é‰„äºº
1662,ATZSHI HIRATZKA
1663,åå››æ¥¼
1664,é¶´ç”° ç§€è²´
1665,Koji Hirose
1667,å½©ç”»
1668,ã‚¯ãƒ¯ãƒ¤ãƒã‚«ã‚¤ãƒˆ
1670,ã‹ã‹ã—
1671,Waka
1673,ã¾ã»ã‚‰ã°
1674,ãƒŸãƒ¥ãƒ¼ã‚¼ãƒ«
1675,MJ
1676,shinyachi
1677,éˆ´æœ¨ä¿Šå½¦
1678,wL4CWi 7
1679,chonkichi
1680,å±±ãƒ•ã‚©ãƒˆã‚°ãƒ©ãƒ•ã‚¡ãƒ¼
1681,ã¾ã•ã²ã‚
1683,ç ‚ç³–ã•ã‚“
1684,ã¾ã‚‹
1685,arugure
1686,ume
1687,Yuhi Miyashita
1689,ã‚Šã™ã“
1690,ãŸã‘ã¡ã‚ƒã‚“ã£ãº
1691,hossy
1692,ãƒˆãƒ¼ãƒ«
1693,ãŠã‚ã‚‹
1694,YUSHI
1695,Kiu
1696,ç¥ã®å‘³å™Œæ±
1697,ãã–ã‚Š
1698,ã¿ã‹ã‚“
1699,hoge
1700,GqbY1vJARY
1701,NOCTO
1702,Foundation
1704,å¤§å²¡ã¿ãŠã‚“ã€‚
1705,æ°´å³¶æ™ºå­
1706,ã‘ã‚ã‚Šã‚“
1707,ç“
1708,ã›ã‚“ã‹
1709,ã‚†ã†
1710,mizu
1711,T.Matsumura
1712,ã¾ã“ã¨ï¼ˆmakotoï¼‰
1713,ã‚¢ã‚¤
1714,ãƒ„ãƒœãƒƒã‚¯
1715,gh1FSZ0Md
1716,å·å†…ã€€è¡å’Œ
1717,å’ŒPhotograph
1718,yun
1719,ç†éƒ½
1720,å°é³¥éŠã‚†ã‚
1721,tsurushin(ã¤ã‚‹ã—ã‚“)
1722,é»’ä¹ƒ
1723,ã¾ãã¡ã‚ƒã‚“
1724,"Ğ¡Ğ’ĞĞ ĞĞ¢Ğ˜ Ğ¡Ğ•ĞœĞ•Ğ§ĞšĞ˜ http://krym-82.ru .
"
1726,Tooru
1727,toto
1728,ã—ã‚‰ãŸã
1729,æ¸¡è¾ºæ™ºè£•
1730,ã‚ã‚ã‚
1731,ã‚¨ã‚³ãƒ¼ã‚º
1732,SHIN-YA
1733,Mameo_Photograph
1734,toyo ken
1735,ã¦ã£ã¡ã‚“
1736,ãã¾ã‚†ãƒ¼
1737,"Ğ’ĞĞœ ĞĞĞ§Ğ˜Ğ¡Ğ›Ğ•Ğ Ğ‘ĞĞĞ£Ğ¡! http://host1780010.hostland.pro .
 Janettenes"
1738,ã‚ˆãªã‘ã‚“
1739,"Ğ—ĞĞ‘Ğ•Ğ Ğ˜ Ğ”Ğ•ĞĞ®Ğ¨ĞšĞ£! http://host1780010.hostland.pro .
 Janettenes"
1740,"Ğ—ĞĞ‘Ğ•Ğ Ğ˜ Ğ”Ğ•ĞĞ®Ğ¨ĞšĞ£! https://soc-viplata19.top/lg/?pid=539&subid=xrum
 Janettenes"
1742,Taji.Leaf
1743,"Ğ—ĞĞ‘Ğ•Ğ Ğ˜ Ğ”Ğ•ĞĞ®Ğ¨ĞšĞ£! https://soc-viplata19.top/lg/?pid=539&subid=xrum
 Janettenes"
1745,syuchinpin
1746,"3ĞĞ“Ğ ĞĞ‘ĞĞ¡Ğ¢ĞĞ™ Ğ”Ğ•ĞĞ¬Ğ–ĞĞ¢Ğ! https://jumpshare.com/v/2nc0M8fpmL4tR2ubefZH?b=HYEOBN6KQi8LbulFz5kt
 Janettenes"
1747,cotorich
1748,ã¤ã°ã
1749,Mume
1750,ã‚‹ã‚Šå­
1751,ä½è—¤å’Œåš
1752,4ran
1753,DroneGraphic
1754,310
1755,FUJIYAMAGIC
1756,Kazuaki
1757,kawaya
1758,LIL7bBeBXq
1759,æœæ¯”å¥ˆé‡Œå¥ˆ
1760,å¯æœˆ
1761,Nana
1762,Miu-Ju
1763,Age`s Photo
1764,sen_no_koji
1765,ã¡ã‚ƒã‚“ã‚Šãª
1766,fumi
1768,ãã‚“ãï½
1769,æ¤åè«’
1770,No.R
1771,Kenz5d
1772,ãƒãƒ„ãƒ¢ãƒˆ
1773,ã‘ã‚“
1774,t_amano
1775,ãƒã‚¢ãƒ¼ãƒ«
1776,ã²ã‚ã‹ã¤ï¼—ï¼•
1777,YAMA
1778,ãªã¹
1779,ã®ã‚Šãˆã‚‚ã‚“
1780,ã‚ã‚Œã™
1781,hiroshi.T
1782,ã‚¨ãƒ³ãƒ‰
1783,ãƒ•ã‚¸ã‚ª
1784,ã‹ã‚‹ã‚‹ã
1785,Lanaamado
1786,ãƒŸã‚±
1787,WEST
1789,sial
1790,sial
1791,MIZUKI OGURA
1792,äºŒè‘‰ã‚ã‚
1793,ã¾ã£ã¯ãƒ¼
1794,RYU
1795,ã™ã“ãã¡ãã‚ƒã‚“ã¦ãƒ
1796,Gainanup
1797,Marco
1798,ãƒ„ã‚­
1800,ã‚ã•ã„ã¾ã‚Š
1801,æ˜Ÿãƒªãƒªã‚«
1802,ã“ã¨ã¿
1803,ã“ã¨ã¿
1804,ã¿
1805,kariN
1806,Gainanup
1807,hikaritoasobu
1808,ã²ã¥ã
1809,ã¿
1810,å¸¸é™¸
1811,5d3hiro
1812,taka
1813,Hien
1815,ã‚³ãƒ¼ã‚¸
1816,takehiro
1817,ã¾ã¤ã‚Šã‹
1818,WONA
1819,ã†ãŠãª
1820,ç´«é 
1821,Kei Yadoo
1822,ç”°è¾ºç§¦æ–—
1823,ã‚†ã†
1824,å’²å·ã‚Œã„
1825,araki_bumboo
1827,DAIKO
1828,ã‚„ãªã›
1829,ä¹…ä¿å¿—å¸†
1830,é–¢æ ¹å¿ ç´€
1832,Ayo
1835,é‡ä¹ƒ
1836,ã‚ˆã—ã
1837,RYOEIã€€FUJI
1838,ããã‚Šã‚“ã
1839,MUSIC BEAN
1840,YUME
1841,NEKO
1842,NEKO
1844,ææ¢¨
1845,ã©ãƒ¼ã‚‚ãã‚“
1846,photono
1848,mol
1849,NAOKI
1850,ã‚¿ã‚±
1851,yuzu__00714
1853,yuzu_00714
1854,you
1855,Omochi
1856,denihiro
1857,ã‚ãŠã„ã¨ã‚Š
1858,Jiri
1859,sena
1860,ãƒ¢ãƒ¼ã‚¬ãƒ³
1861,å…ƒå±‹åœ°ä¼¸åºƒ
1862,BruceSonry
1863,ã‚„ãã‚…
1864,How to invest in Cryptocurrency $ 87941 - get a return of up to 7528%: http://www.nuratina.com/go/earnonebtc995003?k=9906
1865,ã‚»ãƒŸ
1866,Kou Yamamoto
1867,yuka
1868,ryo
1869,smatu2016
1870,äº•å£å–„å²
1871,ã•ã†ã©ã‚“
1872,ã‚¢ã‚µãƒˆã‚·ãƒ¢ãƒ¤ãƒ
1873,KAHO
1874,äº•å£å–„å²
1875,Junk Velvet
1876,Junk Velvet
1877,å¤§ã¡ã‚ƒã‚“
1878,TEELA
1879,å°é‡é›„å¸
1880,baile
1881,CHIHARU
1882,KURUMI
1883,å¤§å³¶ã‚Šã‚“ã”
1884,ã‚«ãƒ³ãƒŠ
1885,ã‚†â˜†ã†â˜†ãŸ
1886,Yasu-tk
1888,ç¿ 
1889,tetsuya
1890,Me.
1891,TAKA
1892,è¯å¥¢
1893,æ¾é‡‘ å¤§æ¨¹
1894,ç¿ 
1895,bach
1896,eyes only
1897,ç¬ åŸç« å¾
1898,YGF99
1899,focal_form
1900,ebi_channel
1901,ãƒŸã‚¯
1902,ã“ãƒ¼ã¡
1904,æ¢¨ä¹ƒ
1905,ã‚†ã†
1906,ã‚†ã†
1907,@_poography
1908,ã—ã‚…ã‚“
1909,ã‚³ã‚¯ã‚·ãƒ§ã‚¦ ã‚¿ã‚«ã‚·
1910,SOWA
1911,tofu
1912,Shino
1913,fuyu
1914,nishi_portrait
1916,AnthonySnibe
1917,shin yatagai
1918,ä½³è°·
1919,æµ…
1920,vivi.Co
1921,ã‚´ãƒ¼ã‚¹ãƒˆ
1922,Jun
1923,å¥å°é›ª
1924,takephoto
1926,ãƒŠã‚«ã‚¿ãƒ‹ã€€ãƒ¤ã‚¹ãƒ’ãƒ‡
1927,æœ‹
1928,rainMAOS
1929,John H. Tien
1930,é›æœ¨ãƒãƒª
1933,ã¯ãªã•ã‚ã“
1934,ãŸã‘
1935,ãŠã£ã¡ã‚ƒã‚“
1936,ã·ã£ãã‚“
1937,ã·ã‚‰
1938,D
1939,ã‚‰ã„
1940,SAMIYA
1941,NaRa
1942,Hiro
1943,ãã‚ã£ã—ãƒ¼
1945,asahi
1946,å¤©åœ°äºº
1947,ç™¾èˆŒ(ãƒ¢ã‚º)
1948,Gatukye
1949,ãƒ¨ãƒƒã‚·ãƒ¼ï¼ yossy
1950,Yasuyo nishi
1952,å¾Œè—¤@å†™çœŸè€….æ±äº¬
1953,How to invest in Bitcoin and receive from $ 7872 per day: https://bogazicitente.com/getmillionsdollars275003
1954,_.nmKmn._
1955,Forex + Cryptocurrency = $ 8347 per week: https://sms.i-link.us/getmillionsdollars764718
1956,kawachang
1957," Just how to Make $7472 FAST,  Quick Money, The Busy Budgeter: https://qq-au-sa.blogspot.com.es?aa=08"
1958,Exactly how  would certainly you  make use of $73388 to make  even more  loan: https://earn-3btc-per-day.blogspot.sk?n=39
1959,"How to make 0,691 BTC per week: https://get-4-btc-per-day.blogspot.com.au?v=62"
1960,How to make $ 7556 per day: https://se-gr-br.blogspot.com.es?fk=07
1961,How to invest in Cryptocurrency and receive from $ 5983 per day: https://earn-4btc-per-day.blogspot.kr?v=77
1962,Jinco
1963,"How to earn 0,663 Bitcoin per day: https://aa-j-pp.blogspot.tw?pe=40"
1964,What's the easiest  method to earn $86739 a month: https://make-2-btc-per-day.blogspot.ch?y=69
1965,Invest $ 5233 and get $ 6875 every month: https://se-gr-br.blogspot.ch?hb=21
1966,Setsuka
1967,Invest $ 6539 in Bitcoin once and get $ 55429 passive income per month: https://hh-o-lp.blogspot.co.nz?dr=15
1968,What's the  most convenient  means to  make $64822 a month: https://rr-t-ui.blogspot.ro?wg=79
1970,ã•ã¨ã†ã—ãŠ
1971,How to make $ 9432 per day: https://earn-3btc-per-day.blogspot.nl?l=57
1972,Invest $ 7258 and get $ 7588 every month: https://make-2-btc-per-day.blogspot.com.es?m=95
1973,What's the easiest  method to earn $66319 a month: https://earn-2btc-per-day.blogspot.cz?k=42
1974,DF
1975,Just how would you  utilize $67738 to make  even more money: https://hh-k-lo.blogspot.co.uk?fc=28
1976,How to earn on investments in Cryptocurrency from $ 7791 per day: https://us-au-ca.blogspot.no?zw=01
1977,What's the  most convenient way to earn $73681 a month: https://make-4-btc-per-day.blogspot.co.at?x=91
1978,Invest $ 7936 in Bitcoin once and get $ 84283 passive income per month: https://rr-t-ui.blogspot.ro?nq=43
1979,"How to earn 0,963 BTC per week: https://get-1-btc-per-day.blogspot.co.at?q=76"
1981,What's the easiest way to earn $75767 a month: https://earn-5btc-per-day.blogspot.pt?b=96
1982,How to invest in Cryptocurrency and receive from $ 6264 per day: https://get-1-btc-per-day.blogspot.fi?h=69
1983,Meet a sexy woman right now: http://beribbsandmen.tk/ogh76
1984,Adult online dating phone numbers: http://utymymisibig.ml/2mm9
1985,Meet a beautiful girl for sex right now: http://tovoqoko.tk/u3rl9
1986,t.a_photo_works
1987,Adult best free dating sites canada 2019: http://umifuhewerag.tk/frde
1988,Naked Teen Girls Looking for Sex: http://hampghetogan.tk/xxj2
1989,Adult dating sites in south east london: http://efiqiqakobop.tk/573j
1990,Fabio
1991,ãã‚ã­ã“
1992,ATSUSHI
1993,mini
1994,å†™æ¥½
1995,è‹±
1996,Chika Kojima
1997,Goichi Furukawa
1998,æ±
1999,Kazuki
2000,ãƒã‚·ãƒãƒ»ãƒ¦ã‚¦ã‚­
2001,ã‚ˆã—ã¼ã†
2002,Delis
2003,SHIFT-1
2004,ã†ã‚‰ã—ã¾
2005,KJ
2006,å§‰äºŒå·
2007,Yuu Kaido
2008,akina
2010,Shinichi yoshida
2011,Black.Berry.Jam
2012,ã‚„ã¾ã®ã¹
2013,Eiking
2014,ã‘ãƒ¼ã™ã‘
2015,Seiten
2017,Roseblush
2018,ãŒãŠã•ã¾
2019,NEJI
2020,RYAN
2021,hideo
2022,"Hiroe,Sato"
2023,Ryume
2025,ã¿ã™ãšæ¯›èŸ¹
2026,ã‚»ãƒªãƒ¼ãƒŠ
2028,Kotaro Photo
2029,yukikaz
2030,å’Œã€€nodoka
2031,gene
2033,â™¡Hazukiâ™¡
2034,ã—ã‚“ã§ãƒãƒ¼
2035,ã¾ã£ã•ã‚“
2037,Ikuto  Nagayama
2038,makotodesse
2039,Felice Vita
2040,æ¸¡è¾ºæ´¸å¤ª
2041,Linta
2042,Yoichiro Taira
2043,Kanai Film
2044,Ryo
2045,Hiro
2046,Hitoshi Ikemura
2047,Bibi
2048,Toshi.B.R
2049,kubokenï¼‘
2050,ç«¹åŠ
2051,ãƒŸã‚µãƒˆ
2052,ãˆã‚‹
2053,ãˆã‚‹
2054,BOMBER
2055,Ariana
2056,TADASHI HATANAKA
2057,rockman
2058,ä½ä¼¯äº®
2060,Syuwa
2061,ã±ã¡ã‚‡
2062,é›…Hiro
2063,å·ç•‘æ­©ç”Ÿ
2064,Jamie
2065,æ˜Ÿä¼Šé¦™
2066,MUTA
2067,æ±é›²æ–—å•
2068,chie
2069,junpei_takeda
2071,ã—ã‚²
2073,é’é‡
2074,ãƒ¬ã‚¤
2075,å’²ç¾…ãƒ¬ã‚¤ãƒ³
2076,TAIKI
2077,Shizuma
2078,take
2079,æ™‚ç©ºã®æ—…äºº
2080,ã™ãŒ
2081,additionaltime
2082,hiro_s05
2083,Aino
2084,Nakkosann
2085,Nakkosann
2086,Jin Izawa
2087,Syndrome_mako
2088,æ¡œæœ›å·´åƒ
2089,Rika
2090,æœ‰æ –æœªæ¥
2091,æ „ç¾æ´¥å­
2092,Ray
2093,ä½è—¤
2095,ã‚·ãƒ¥ãƒ¼
2096,ã‚†ã‚Š
2097,Y U R I
2098,Reaia
2099,ã²ã‹ã‚Š
2100,ã‚ã‹ã†ã•
2101,Brandon Perry
2102,uchicomix
2103,uchicomix
2104,Tio Valentine
2105,tee_coba
2106,ç¦ã€‚
2108,hirokichi
2109,ã¿ã‹ã‚“
2110,ãã‚…ãƒ¼
2111,@shin.t.a
2112,ymori
2113,Mariko
2114,MIWACO
2115,ç€¬ç”°é›…å·³
2116,é‡‘åŸãã‚‡ã†ã‹
2117,current
2118,çŸ¢é‡é–é«˜
2119,ã¡ã‚ƒã¾ãã
2120,çŸ³æ´¥ã€€äº®
2121,å°¾é™½å”¯ä¸€
2122,çŸ³ç”°ã‚·ãƒ³ãƒ¤
2124,ã„ãªã°ã‚†ãŸã‹
2125,Take
2126,M's Photo room.
2127,ã‚¢ãƒ¼ãƒ†ã‚£ã‚¹ãƒˆ
2128,å²¸ç”°å®™ä¹Ÿ
2129,ã¿ã®ã‚‹ã‚“
2130,å¯Œå²¡ãã‚ˆã
2131,Dsuke
2132,Toshiyuki Kato
2133,Megmy
2134,p0chi
2135,ãƒ’ãƒ‡
2136,ãƒ„ã‚­ãƒã‚«ãƒ›
2137,GeorgeKiz
2138,yoshid@
2139,Tyana   (hairartist)
2140,ä¿ç”°æœ‰å¸Œ
2141,RINAMONI
2143,Yuki_Sakurai
2144,ã‚«ãƒƒã‚­ãƒ¼
2145,Ğ¯.(ã‚Šã‚…ã†)
2146,ãŸã¡
2147,takumix.jp@photography
2148,tororo
2149,åˆ©ä¹‹
2150,é’å±±ã€€ã‚µãƒˆã‚·
2151,kazu
2152,nobuki
2153,Hiromichi
2154,ç”°æ‘
2157,kesami
2159,å¥
2160,æ—å·½åµ
2161,Takechan
2162,Naoki Photo
2163,YILIN Wang
2165,ike
2167,Erina
2168,èˆª
2169,ãƒãƒ„ãƒ¢ãƒˆã‚·ãƒ³ãƒ¤
2171,poco
2172,ä¸­æ£® ã‚†ã†
2173,hiro89th pictures jp
2174,okinawapottery
2175,mitsuka
2176,Rei
2177,ã¾ãƒ¼ã•ã‚“
2178,ã‚µã‚«ã‚¤
2179,ã‚³ã‚¦ã‚¬
2180,ã‚ãã‚‰
2181,Tamachan
2182,ã“ã†ã—
2183,reï¼šplus
2184,ã¾ã“ã¨ã‚µãƒ³
2185,StephanaJ
2186,test
2187,Sak
2188,Jun
2189,ãŸã£ã¡ã‚ƒã‚“
2190,crystastyle
2191,ãƒ©ãƒ³ãƒ
2192,Yuuhiro
2193,inori
2194,ã„ã®ã¾ãŸã€€ã˜ã‚…ã‚“å­
2195,ã‚­ã‚¶ã‚¯ãƒ©
2196,NORI
2197,Uni
2198,nao
2199,ã“ã£ã™ãƒ¼
2200,RomyCast
2201,Chiao Chang
2202,UW9K8QO www.yandex.ru
2203,Fresh Junkie
2204,å®‰ç”°ç°
2205,ã¾ã—ã‚…ãƒ¼
2206,Nishi
2207,ã‚¹ã‚ºã‚­ã‚¿ãƒ„ãƒ¤
2208,æ°´ä¸Šã¤ã°ã•
2210,ã‚„ã¾
2212,é éš”vibration
2213,ãƒˆãƒ¢ãƒ’ãƒ­
2214,seigo
2215,ãƒŠã‚¬ã‚¿ ãƒãƒ
2216,takuto
2217,takuto
2218,mntcabe
2219,ã²ã„ãª
2221,AIKEN
2222,uryutalk
2224,test
2225,test
2226,hwaka
2227,h.waka
2228,hwaka2
2230,marina
2231,ghost
2232,ã‚·ãƒ³
2233,Shunsuke Tsujimoto | è¾»æœ¬ä¿Šè¼”
2234,yaowenlee
2235,ShinL
2237,JapanaCana
2238,JapanaCana
2239,Nyaophoto
2240,Jamesomime
2241,VAI
2242,tesuto
2243,ucci
2244,ã‚¯ãƒ­ãƒ€ã‚¿ã‚¯
2245,ã„§ã„Ë‹
2246,è‘‰ç¾½
2247,zume
2248,Go
2250,Cameravski
2251,ãƒ’ãƒ„ã‚¸ãƒã‚¢ãƒ¦ãƒŸ
2252,sekki
2253,Fomin87
2254,MW
2255,ã‚†ã†ã05
2256,yucanon_6d
2257,ã‚ãã‚‰
2258,ã‚³ãƒ¼ãƒ…ãƒ¨ã‚¦ã‚³ã‚¦
2259,è¿‘ã¡ã‚ƒã‚“
2260,DAIKI TAKAHASHI
2261,Ralue
2262,ãƒ‹ãƒ£ãƒ­ãƒ¡
2263,Tetsuro
2264,è—¤äº•ã‚ã‘ã¿
2266,megumi
2267,saxssan0
2268,J.ãƒã‚¤ãƒ‰
2269,Jitta Taka
2270,NedFlourZ
2271,Markevich63
2272,koparl
2273,Kei Konno
2274,Johji Domon
2275,Matsuoka
2276,2yang
2277,2yang_jpn
2278,@nakamura
2280,YouOkada
2281,pz_yammy_photo99
2282,bousya
2283,éŠ
2284,Toshi
2285,ã‚ãŠ
2286,å¿è€…å½©å½±
2287,maro_
2288,è¦–è¦ºå»¢ç‰©
2290,daichi99_photography
2291,probelayer
2293,yukii
2294,ç¥åµœï¼ˆShinzakiï¼‰
2295,ã‚Šã“
2296,ã‚Šã“
2298,ã¾ã‚‹
2299,dazzle
2300,æœ›æœˆã‚ã‚†ã‚€
2301,LisheSpin
2302,ï¼ªï¼¹ï¼¯
2303,å‰ç”°ä¼Šç¹”
2304,ã‚Šã‚‡ã†
2305,éˆ´æœ¨å¶(kana suzuki)
2306,ç§‹å±± Karen
2307,YUU
2308,MaressaKVM
2309,konnyo
2310,-m i k i c h a-
2311,risaito
2312,ã¾ãƒ¼ã—
2313,ã—ã‚‰ãŸã¾ã‚ã‚“ãš
2314,ã—ã‚“ãŸã‚ã†
2315,å¤§æ²³ã€€å¿ƒ
2316,æµ·æ¸¡
2317,ã‚·ãƒ³ã‚¯ãƒ­ãƒ›
2318,Shintaro
2319,YMOå†™çœŸå¢
2321,DannyBled
2322,Lionette
2323,Retrace
2324,DedraSolar
2325,test
2326,test
2327,ãƒ†ã‚¹ãƒˆ
2328,å€‰æ©‹çš
2329,KennaTeeth
2330,åŒ—é‡ ä»
2331,ã‚¹ãƒ¼ãƒ‘ãƒ¼ã‚³ãƒ”ãƒ¼ è…•æ™‚è¨ˆ ä¿®ç†  ã‚¬ãƒ©ã‚¹
2332,Rumiko
2333,ã‚¿ã‚¯ãƒˆ
2334,BASARA
2335,hiroki
2336,eggbank
2337,RYOKI
2338,Aki
2339,ãƒã‚»ã‚¤ãƒ‰ãƒ³
2340,é™å‡ª
2341,LouiseAqua
2342,Yaya
2343,Kio.T
2344,hwaka
2345,hono
2346,KuMi
2349,MariquilaJ
2350,Kuchiko Nogi
2351,GordonPort
2352,å¤–æ±æœ›ç¾
2353,éº—å¤®-ã‚ŒãŠ-
2354,KIKUCHI
2355,DĞ°ting for sĞµÑ… | CanĞ°da: http://yryspr.sumitraiti.org/ede261
2356,æœªå’²
2357,ã±ã‚“äººé–“
2358,ã‚„ã‚„ã“
2359,Dating sitĞµ fĞ¾r seÑ… with girls in your city: http://vffc.justinlist.org/72e88d9
2360,ãªã‚‹ã¿
2361,ãƒ‹ãƒ›ã‚¦ã‚·ãƒ­
2363,erciguanshu
2364,æ˜Ÿé‡ ç´¬
2365,kaho*
2366,ãƒ•ã‚¡ã‚¤ãƒ³
2367,ã‚«ãƒ¡ãƒ©ç‰‡æ‰‹ã®ã¯ã£ãŸ
2368,toshiâ™ª
2369,MSYK
2370,Chenin
2371,ã‚ˆã£ãŸã‚“
2372,tundora
2373,SheilaRugB
2374,LamarMoney
2375,and
2376,ãã‚‡ãƒ¼ãã‚“ã•ã‚“
2377,ãƒã‚²ã¡ã‚ƒã‚“ãƒãƒ³
2378,å¤§ä¹…ä¿å‹
2379,psyca
2380,æ‚ 
2381,Ao
2382,Ao
2383,ArmonÃ­a by Reiko
2384,Reiko
2385,ãªã‚‹ã¿
2386,EugineGSA
2387,gengen
2388,æœãƒˆæ¢…
2389,FelipeFlop
2390,ElwoodAqua
2391,ã¾ãƒ¼ã¼
2392,ãˆã‚ã‚å±±æœ¬
2393,å±±å£ã‚†ã‹ã‚Š
2394,BrenaSouth
2396,YO.
2397,ç™¾èˆŒ
2399,Satoshi A
2401,ã‚ã‚’
2402,ZsazsaMash
2403,mama
2404,RachlBrazy
2405,ã©ã„ã¯
2406,å¤éŸ³
2407,Kazumaru photo
2408,ã‚¿ã‚±â™ 
2409,SoniaMash
2410,yota
2411,not
2413,MillisentB
2414,hdya
2415,Hiroyuki Orita
2416,ãƒ“ãƒªãƒ¼ã‚ãšã¾
2417,yoshiyuki.84
2418,LydiaLet
2419,ãƒ¤ãƒãƒ€ãƒ
2420,mumusiro
2421,Robertarits
2422,shogo
2423,vanillaice
2424,mighty
2425,TOSHI
2426,kazu
2427,æ˜Ÿé‡ã‚†ã†
2428,haruka matsui
2429,sugi_photography
2430,ã‚‚ã¤
2431,AdreaSpin
2432,ã‚¹ã‚¤ãƒ¼ãƒ„ç‹å­
2433,Saki
2434,ã‚¿ã‚±ã‚·ã‚¿ã€€ã‚­ãƒ¨ã‚·
2435,ã‹ãªã‚
2436,ã‚³ã‚¦ãƒãƒã‚µã‚­
2437,makotoksendai
2438,cutiedandy
2439,ã˜ã‚…ã‚Š
2440,LouisBearm
2441,ã—ã‚‰ã´ã‚‡ã‚“
2442,Ami
2443,DemetraTee
2444,ç„¡å
2445,ã‚ã‚‰ã£ããƒ¼
2446,opp3ï¼ˆãŠã£ã·ã•ã‚“ï¼‰
2447,shinya.s
2448,ã ã„ã¡ã‚ƒã‚“
2449,Terry_Matsu
2450,å¸æ³¢æ·±é›ª
2451,Raptor
2452,é›¨ã¾ã“
2454,LinoVyvanse
2455,MarlVyvanse
2456,"ãƒãƒƒã‚°,è²¡å¸ƒï¼†å°ç‰©å°‚é–€åº—"
2457,ç‘ ç’ƒè‰²
2458,ç‘ ç’ƒè‰²
2459,yoshida naoco
2460,å¤é£›(natsui)
2461,ten
2462,ç¯ åŸç¥¥äºŒ
2463,Jaimepoker
2464,KeithHox
2465,ã¿ã‚…ã‚“
2466,judibola
2467,ä»²æ‘ãŸã‹ã¨
2468,ã“ã¾
2469,ZENTA KASHIMOTO
2471,ãªãˆ
2472,hiro_310
2473,ã‚¹ã‚°ãƒ«
2474,ãªã‚ãŒ
2475,posugraph
2476,posugraph/æŸ´ç”°é›„ä»‹
2478,Birthfantasy
2479,naoki
2480,UROTAX
2481,ã‚ã‚‹
2482,KAME
2483,Jun Sonokawa
2484,å…­æ¡
2485,Roanpoker
2486,cozy
2488,ãˆã¤ã“
2489,Ray
2490,96ã•ã‚“ï¼ˆãã‚ã•ã‚“ï¼‰
2491,ã•ã‹ã–ãã‚†ã
2492,é”ä¹Ÿ
2493,é”ä¹Ÿ
2494,zetton
2495,BoolmanDBS
2496,MA-1
2497,ã¯ã¡ã“
2498,ã—ã‚ã®
2499,ç±”æœ¬ã€€è¿‘å·±
2500,TTX
2502,é›‘ã‚³ãƒ©ãŠã˜ã•ã‚“
2503,å°é³¥éŠã²ã‚‹ã­
2504,yuzurin777
2505,é³¥æµ·1942
2506,ã’ã‚“ãŸ
2507,ã‚ˆã—ã®ã¶
2508,TEN-GU
2509,irowaru
2510,Tadatosi Uehara
2511,ãŠã—ã‚‡ã†
2512,MASALU
2513,é«˜å±±ã€€é¾åš
2514,ã·ã‚Šã¿ã‚‹
2515,ã•ãã‚‰ã¡ã‚‹éº»å­
2516,ã•ãã‚‰ã¡ã‚‹éº»å­
2517,ç”°ä¸­ã¾ã—ã‚
2519,tochi
2521,ã¶ãƒ¼ã¡ã‚ƒã‚“
2522,å¥ˆè‰¯
2523,ã˜ã‡ãƒ¼ã¾
2524,Ted Matsumoto
2525,æ¨©å·¦è¡›é–€
2526,Lukenasal
2527,"ãƒãƒƒã‚°,è²¡å¸ƒï¼†å°ç‰©å°‚é–€åº—"
2528,BUCHI
2529,UkimaQ
2530,æŸš
2532,ãƒã‚¸ãƒ«æ°
2533,tomo
2534,Jun-ichi.K <KJ Photography>
2535,è…•æ™‚è¨ˆã‚·ãƒ§ãƒƒãƒ—
2536,Isajchev94
2537,ã‚¹ãƒ¼ãƒ‘ãƒ¼ã‚³ãƒ”ãƒ¼æ™‚è¨ˆ
2538,Dima
2539,mirpromlmi
2540,ç‚
2541,mr_junko
2542,ãŠæ¾
2543,ã‚ã™ã¿ã‚“
2544,yuji fukushima
2545,ã•ã‘
2546,hasekou
2547,Haruki
2548,nabi
2549,ãƒã‚»
2550,ãƒ”ãƒ³ãƒãƒ³
2551,atsushi.A
2553,Anna
2554,ãŸã‘ãŸã‘
2555,ç¾¤é’
2556,ã‚·ãƒ³ãƒ¤
2557,coolish77777
2558,NorikoC
2559,è¶Šå¾Œå¤§æ¨¹
2560,ã‚†ã«ã‚ƒ
2561,Brisbobet
2562,hal
2563,å½ç‰©ãƒ–ãƒ©ãƒ³ãƒ‰æ™‚è¨ˆ
2564,KIYOHITO
2565,a.be.ma
2566,Device number02
2567,Device number02
2568,å¤é¦¬å©†/CreativeWorksDENS@M
2569,ãƒ´ã‚£ãƒ©ãƒ»ã‚«ãƒ«ã‚¿ã®åŸ·äº‹
2570,puniy
2571,yamato
2572,yoru_312
2573,Kazuto Sawatari
2574,ã‚ˆBob
2575,ã‚µã‚µã‚­ã‚¢ãƒŸ
2576,Misuzu Shibuya
2577,æœªç¾½ã‚·ãƒ²
2579,Mori tomoco
2580,è²è°·
2581,akachan_babu_
2582,Jun
2583,IKE24
2584,å±±ç”°å¤èœœ
2585,åŸå£ã—ã‚…ã†
2586,Tommy-w
2587,ã‚«ãƒŸãƒ©ã‚«ã‚¤
2588,ã‚¸ãƒ§ãƒ³å®®æœ¬
2589,ã‚¹ã‚ºã‚­
2590,é»’å´ ä¸‰çœ¼
2591,SAYURI
2592,ã«ã‚ƒãŸãŠã—
2593,Masaki.H
2594,underground
2595,ks
2596,SaKayenta
2597,æ°´ç„¡æœˆã„ã¨
2598,ã‚¹ãƒ¼ãƒ‘ãƒ¼ã‚³ãƒ”ãƒ¼æ™‚è¨ˆ
2599,å°å²©äº• æ˜¥
2600,sutaâ˜†
2601,tarebo
2602,ã‚±ã‚±
2603,YEBISU
2604,Maverick Watanabe
2605,é«˜æ©‹ãƒ•ãƒŸã‚«
2606,ã·ã‚Šã‚“
2607,"Akio""Ackey""Takahashi"
2608,Hikari Yamagami
2609,ãˆã‚“ã©ãƒ¼
2610,ä¼¯é›²(hakuun)
2611,ã”ã¯ã‚“
2612,so1demu_3a
2613,kenji
2614,Akira
2615,ãŠæ¹¯ã¡ã‚ƒã‚“
2616,Haroldmoime
2617,Kazuhiro Wakiyama
2618,ãã‚‡ã†
2619,Nagase Yasumi
2621,youthkee
2622,Kayentafs
2623,Jiro Yabuzaki
2624,Kousuke Izumi
2625,Marco
2626,ã‚¹ãƒ¼ãƒ‘ãƒ¼ã‚³ãƒ”ãƒ¼æ™‚è¨ˆ
2627,MASHIRO
2628,æ­£è¦å“ã¨åŒç­‰å“è³ªã®ã‚³ãƒ”ãƒ¼å“
2629,murachan
2631,æµ·åŠä¸»
2632,å±±å—ã‚ã‹ã­
2633,ãƒã‚µãƒ¨
2634,ã‚†ã
2635,ã‚†ã
2636,sada
2637,hiroky_ash
2638,Yuzuâ˜†
2639,Emogenlink
2642,ã¡ã¯ã‚‹ï½œChiharu
2643,k
2644,å‚æœ¬ã€€æ­¦å²
2645,Kazuki Harada
2646,ã‚­ãƒŠã‚³ãƒãƒ‹ã‚¢
2648,ç¦äº• å°ç™¾åˆ
2649,R y o å¤ª éƒ
2650,ã‚ãŠãŸã
2651,è¯æ­Œ
2652,ã‚ã£ã¡ã‚ƒã‚“
2653,MINAMI  HIROMI
2654,MINAMI HIROMI
2655,ã‚¿ã‚¤ã‚¬ãƒ¼ãƒãƒªãƒ¼
2656,ã‚ã£ã¦ã‚“
2657,ãƒ¦ã‚¤
2658,æ·±æœˆ
2659,å½ç‰©ãƒ–ãƒ©ãƒ³ãƒ‰
2660,IQQU
2661,IQQU
2662,ã‚¤ã‚·ã‚«ãƒ¯ã‚¿ã‚«ãƒ’ãƒ­
2663,ã‚¬ã‚¤ãƒˆ
2664,Hiromitsu Tachibana
2666,nekopen
2667,ã¶ã­
2668,Annablink
2669,KIO
2671,ğ“—ğ“²ğ“µğ“¸
2672,junichi
2673,Tanapon Sompongphueng
2674,æ¾ª
2675,yutaka_FF
2676,è°·å£
2677,è°·å£
2678,mihoko_happiness
2679,Ryo.
2680,ã‚Œã‚‚ã‚“ã°ã¨
2681,ã‚ã¤ãŠ
2682,yuka
2685,ã‚­ã‚¿
2687,ç´—ç¶¾
2688,å¤§æ—ãƒ«ãƒ«
2689,syootime
2690,syootime
2691,syootime
2692,Ren Izumi
2693,Japan_in_me (cameraman & model collaboration)
2694,Chris KTHR
2695,i.nicom
2696,ã¯ãªã³
2697,ã™ãšãã¨ã—ã‚’
2698,ãŸã‘ã¼ã‚“
2700,Curtisbemia
2701,Ryo
2702,yukari
2703,ã¾ã„ã‘ã‚‹
2704,åƒè„‡ å‹è‰
2706,Hiro.photo
2707,Coga Humberto
2708,kagawa junpei
2709,Hiroki Tsuchiya
2710,Kouga_Photo
2711,Kouga_Photo
2712,MUGEN PHOTO
2713,é«˜ç”« è¡
2714,ã‹ã„ã‚Š
2715,ã‚¿ã‚«ãƒã‚· ãƒªãƒ§ã‚¦
2716,NOBU
2717,ãƒ„ãƒã‚¿ãƒ‹ãƒ¦ã‚«
2718,ã¨ã‚ˆã—ãƒ¼
2719,yo_ta_photo
2720,vikaanity
2722,saneshigo
2723,ã¡ã‚‡ã‚ã‚‚
2724,h8st1nk
2725,ç¥è¼”(YUSUKE)
2726,iwamoto
2727,itsuki
2728,ãŸãƒ¼ã„ã¡
2729,kenneth.camera
2730,m.hirabayashi
2731,K_Muguruma
2733,MyL Photography (ãƒã‚¤ãƒ«ã€€ãƒ•ã‚©ãƒˆã‚°ãƒ©ãƒ•ã‚£ãƒ¼)
2734,éº»éŸ³
2735,Terada
2736,è¥¿ãƒå…
2737,ã‚„ã™ãˆ
2738,AOI*
2739,ãƒˆãƒ¢ã‚«ã‚º  ãƒ ã‚«ã‚¤
2740,Taira Nakajo
2741,JNA
2742,itokan
2743,Neeedo
2745,ãŠã‹ã˜ã¾
2746,ãã£ãŸã‚“
2747,Apollodeuce
2748,Satoahi Inoue
2749,yuu.photography
2750,Matto
2751,Nen
2752,halna
2753,è¶Šå¾Œå±‹åŠ©å…­
2754,h112o1
2755,Hyuga
2756,å®‰ä¸­æ¦›å
2757,Goblin-u
2758,ãƒŸãƒ¤ãƒã€€ãƒˆãƒ¢ã‚¢ã‚­
2759,æå¥ˆ
2760,AMPL DESIGN
2761,ko-ta nasu
2762,ko-ta nasu
2763,freedomleaf
2764,ã²ã‚ã½ã‚“ @å½©ã®å›½
2765,hirotographer
2766,Lana
2767,foskiaimage
2768,Kafe
2769,kaorun
2770,å±±è‘µ
2771,kinoplasmat
2772,kayoko
2773,hide
2774,MI2RU
2775,Kiki&Nonny
2776,å†¥ç‹â€ thanatosâ€ 
2777,ç¥é¢¨è¯æ‹
2778,mimosa
2779,sencha
2780,å¸ç¤¼
2781,SYJ
2782,æ¸…æ°´ä¸€å²
2783,æ¸…æ°´ä¸€å²
2784,jp-ono
2785,saya
2786,æ—‹é¢¨
2787,é¾å’²æ
2788,any
2789,å…ç¾½ã¨ã‚’ã‚‹
2790,å±±ä¸­ æ¦®ç­–
2791,BoB
2792,Androidetix
2793,ã‚¿ã‚¯
2795,ä½è—¤æ³°ç„¶
2796,ã¯ã–ã¾
2797,ã˜ã‚‡ã‚“ã˜
2799,So-16
2800,sana
2801,MawikGamma
2802,Lily
2803,kotsunta
2804,kemonokusa
2805,kemonokusa
2806,ã‹ã§ãƒ
2807,HK
2808,asami
2809,kayuri
2810,taka
2811,hiroyon
2812,Ko-ichi
2813,kubotaemi
2814,P.K.Z
2815,maiko
2816,æ‰å±±ãƒ†ãƒ„ãƒ¤
2817,ã˜ã‚…ã‚“
2818,Mizuki Sueyoshi
2819,Tâ—‹Mâ—‹
2820,ã‚»ãƒ³ã‚­ãƒ£ãƒ¡
2821,kuro
2822,kuro
2823,ã²ã‚ã¿
2824,THOR
2825,THOR
2826,ãŠãš
2827,ã“ã¾ã¡
2828,pei.
2829,ç¾èŠ±
2830,åˆéŸ³
2831,petosa
2832,kei.
2833,ã‚¦ã‚¨ã‚­ã‚µãƒ¤ã‚«
2834,åœ‹å«ºã˜ã‡ã™
2835,Saw-C
2836,take-camera
2837,Haruka
2838,nao!
2839,ã‚¹ã‚¹ãƒ ãƒ»ï½„
2841,bonds
2842,HH
2843,ã€‚
2844,æµ·æ„›-ï¾ï½±ï½²-
2845,ã†ãŸã”ãƒ¼ã‚ˆãƒ¼ã ãŒ
2846,ãŸã‘
2847,Myanko
2849,joinoveristov https://www.apple.com Kal
2850,HAL
2851,ã‹ã®ã¡ã‚ƒã‚“
2852,ãŸã‘
2853,yuruphot
2854,ãŠã¨ã†ãµ
2855,ã‚¯ãƒœã‚¿
2856,yoshizo
2857,MAKI
2858,ã‚µãƒ©ã‚«ãƒ¡ã‚¤
2859,ã‚ˆãƒ¼ã¸ã„
2861,satoshi morikawa
2862,satoshi morikawa
2863,nsuawfevcr mrsjtrewq dlx
2864,zerogravity555
2865,ryo
2866,suzie
2867,jfevhmnc
2868,Anna
2869,è§£è‰¯ã€€ç¬‘å¹³ -Kera Shohei
2870,ãƒ„ã‚¯ã•ã‚“
2872,mvoiewjugd vaytwiqus pnt
2873,katsu
2874,slope.well
2875,ã¾ã†ã“
2876,Masami Murooka
2877,ãŠã–ã‚„ã‚“
2878,ShintağŸ´â€â˜ ï¸
2879,Dokachin
2880,ã¿ã‚„
2881,ã‚«ãƒ«ãƒ¡ãƒ³ãƒ»ãƒãƒŸãƒ»ã‚¬ãƒ«ã‚·ã‚¢
2882,nobuharu matsu
2883,photo  smiley
2884,ãƒ¯ã‚¿ãƒŠãƒ™ãƒãƒ–ãƒ’ãƒ­
2885,tsukiko
2886,ã‚ã„ã‘ã„
2887,M.Tsubasa
2888,N.A
2889,SALTCREAM
2890,SALTCREAM
2891,yamauji
2892,éº¦åŸ æ¸š
2893,ç€¬å·æœ›
2894,ã‹ã½
2895,KA
2896,kanade
2897,969993799 Ğ’ĞĞ¨ Ğ‘ĞĞĞ£Ğ¡ ĞŸĞ Ğ¡Ğ¡Ğ«Ğ›ĞšĞ• https://optimize.google.com/optimize/sharepreview/?id=OPT-KRZ64PS&gtm_experiment=OPT-KRZ64PS_OPT-WX6R9$0&url=https://clck.ru/Pmbjx
2898,gackey22
2899,ã˜ã‚‡ã«ãƒ¼
2900,u_jir0
2901,å±±ç”°ã‚±ãƒ³ã‚¸ãƒ­ã‚¦
2902,Taka black
2903,ma.0610
2904,ma.0610
2905,ma.0610
2906,ç”°ä¸­å¤©
2907,ã‚ãŸ
2908,å—æ¥µãƒšãƒ³ã‚®ãƒ³
2910,ã‚„ã¾ã‘ã‚“
2911,yuki
2912,æ¾å°¾å¤ªæš‰
2913,KAO
2914,ã¨ã¿ã£ã¡
2915,ãƒãƒãƒ»ãƒã‚³ãƒˆ
2916,ãã«ã“
2917,ã„ã¡ ã«ã„ã•ã‚“
2918,tomato
2919,ã‚ã‹ã®ãªãŠã
2921,Shota Takeda
2922,ã”ã‚“
2923,ç™½é³¥ ãã‚‰
2924,ãã‚ãˆã¹ã„ã³ãƒ¼
2925,Rin
2926,Alan Leung 2
2927,achamo
2928,ãã¾ã•ã‚“
2930,jeny
2931,ç¾½ç”° å½©éŸ³ï¼ˆHANEDA AYANE ï¼‰
2932,å‰æ‘ã€€æ³°è‹±
2933,TAKUMI KANAYAMA
2934,é è—¤æ„›ä¹…
2937,ãƒ•ã‚¸ã‚ªã‚«ã‚·ãƒ¥ã‚¦ãƒ˜ã‚¤
2938,HIRO
2939,Naoto
2940,å†™æ¥½å±‹ã¨ã¾ã•ã‚“
2941,fratto
2942,è‰¶é‡Œä½³
2944,Yaas
2947,ãŸã‹ã¿ã‚„
2948,Osamucchi
2949,Hikari
2950,ã‚‰ãµã
2951,HIDE
2952,E-san
2953,å¤©ã®å·æ¬¡éƒ
2955,ã—ãƒ¼ã‚‹ã©
2956,alissa
2957,ã¾
2958,å¥¥é‡ã»ãã¿ã¡
2959,æ°´æ§½å­¦
2960,ã•ã‹ãŸã
2961,Tetsuya
2962,ã‚­ãƒ£ãƒ—
2963,ã¾ã£ã¡ã‚ƒã‚“ï¼ å¤§é˜ª
2964,ZiN
2965,Layla
2966,ã¯ã„ã±ï½ãˆã‚“ã˜ã‡ã‚‹
2967,NAYA Wang
2968,larme
2969,ãƒœã‚¹
2970,ã«ã—ãƒ¼ã‚„
2971,kazu
2972,Yoshiyuki
2974,nill
2975,ãµã‰ã‚
2976,kenken
2977,ä¸­åŸç›´æ¨¹
2978,WARUKII
2979,è‹¥æ¾
2980,Akihiro_8PM
2981,äº”æ¡ä¸‹ä½
2982,hope.of.the.wanwan
2983,kenâ†’go!
2985,kenâ†’go!
2986,Kiyoshi
2988,æŸ´çŠ¬ãƒ€ã‚¤ã‚¹ã‚±
2989,EIJERS PHOTOGRAPHY
2990,å‡ª
2991,ã™ã™ã‚€ğŸ“·ğŸ§
2992,kou
2993,kou
2994,ã™ã„ã¾
2995,ãºã‚“ãºã‚“
2996,ã‹ã‚ã‚€ãƒ¼
2997,Harano Eijyu
2998,ã·ã«ã¨ã‚“
2999,283
3000,éˆ´æœ¨
3001,ãƒŠã‚«ã‚·ãƒ
3002,ã›ã”
3003,å‘‰é‡Œ
3004,å›é–“ã¾ãª
3005,Kiyoharaportrait
3006,ã„ã°
3007,æ˜­å…ƒéº»é‡Œ
3008,é‡èœã•ã‚“
3009,Tokky
3010,SAITA
3011,yuri
3012,yuri
3013,aya
3014,hana
3015,hana
3016,hana
3017,ãµã‚‹ã‚„
3018,soramiphoto
3020,Leidnsitus
3021,ã‚ˆã‚‹
3022,ã‚ˆã‚‹
3024,ã‚ãã‚‰
3025,Hiroto Nakabayashi
3026,ã‚Šãªãª
3027,äº•æ‰‹ç”° åº·å®
3028,topatop
3029,take__ing
3031,Jitta taka
3033,ã†ã¿ãã‚“
3035,ä¹…ä¿æšå£«
3036,zabi.
3037,Emiri
3038,Takuro
3039,T2K
3040,9
3041,tatsu
3042,ãŸã‹
3043,Selmake
3045,ã¿ãšã‚‚
3046,Tsuyopon
3047,ã¾ã‚ã—ã°
3048,ã•ã‹ã»ã
3049,åŒå­åº§è¨ˆç”»
3050,å±±å£ãƒ™ãƒ³
3051,Gaburi
3053,cii
3054,nobutti
3055,ralphie
3056,masa
3057,æœ¨èŠ±æ¡œã€…
3058,ã˜ã‚…ã‚“
3059,æ—¥ã€…åƒ¥å€–
3061,ãƒšã‚­ãƒ³ãƒ‘ãƒ¼ã‚º
3062,ç¾½ä¹ƒã€€äºœæœ±
3063,ç¾½é‡ãµã†ãª
3064,ã·ã‚Œãµã‰ã¨
3065,shunji
3066,ã—ãŠ
3067,kei_close
3069,ã¿ã‹ã•
3070,ãˆã©ã¡ã‚ˆ
3071,coco.*
3072,åŒè‘‰
3073,masaya
3074,dragon
3075,yukicha
3076,Mai
3077,TOMIE
3078,ã‚†ã†ã¨@æ—¥æœ¬é…’
3079,mirai___yu
3080,ã¾ã‚Š
3081,Takeshi
3082,ã°ã„ Vai
3083,Photo papa
3084,ã¦ã‚“ã¡ã‚‡ãƒ¼
3085,Nori
3087,MX2112
3089,ãƒãƒ¼ã‚·ãƒ¼ç©´å­
3091,masa_hdd
3092,Yokojyo
3093,yamamasa
3094,ã•ã„ãŸã‚“
3095,maeco.
3096,T.O1041
3097,K1
3098,rinda
3099,ï¼“HO
3101,ã¾ã•
3103,Shingo Aoki
3104,t.x.n.
3105,ARU
3106,shutanakajima
3107,shuta nakajima
3108,ã¾ã•
3109,makoto miyahara
3110,koba
3112,LINA
3113,æ¢…å‰
3114,ãƒ’ãƒ­ã‚«ãƒ¡ãƒ©
3115,ã‚¸ãƒ¥ãƒ³ã‚¤ãƒ
3116,è¿‘è—¤ èª 
3117,Reira
3118,ã‚ãã¿
3119,è‰æµ¦ å¤§è¼”
3120,ã•ã£ãã‚“!
3121,ã‚†ã„
3122,ã¿ã‚„
3124,ã•ã‚‰
3125,ã•ãã‚“ã¡ã‚‡
3127,ãƒ’ãƒ­ã‚¯ãƒ©
3128,Ryota
3129,usagibito
3130,usagibito
3131,Huu
3132,Hitomi
3133,ã‚³ãƒƒã‚³
3134,Alice
3135,Kevinglilm
3136,MPjbcHKOA
3137,Mashimo Kei
3139,nakamura.
3140,senkichi
3142,ã¡ã‚ˆ
3143,23stagram
3144,ã‚³ãƒŠç²‰
3145,ãƒãƒªã‚¨
3146,ETA
3147,ã‚ã‚“ã“
3148,ãŸã£ã¤ãã‚“
3149,Motoki Taneda
3150,è‹±ã€€æµä½‘
3151,Wakana
3153,ã‚ãã¾ã«ã‚
3154,ä½é‡ç¾å¤•
3155,Yuko Oshirichan Shimomoto
3156,ai__1218
3157,Takahiro
3159,ã‚«ãƒŠã‚³
3160,ç¥é…’
3161,ã‚ãƒ¼ã·ã‚‹
3162,hana
3163,æ¨ªå±±é™½å¯
3164,æ¨ªå±±é™½å¯
3165,æ¨ªå±±é™½å¯
3166,Mashimo Kei
3167,take-photo
3168,ã‚ã‚ã‚
3169,camden
3170,éˆ´æœ¨ãƒ©ãƒ³ãƒ
3172,hidenosuke573
3174,ã‚·ãƒ§ãƒ¼ã‚¸
3175,nekoxtest
3176,nekoxtest2
3177,nekoxtest3
3178,nekoxtest4
3179,nekoxtest
3180,nekoxtest5
3181,nekoxtest6
3182,VegaPhoto
3183,æ±é›²ç‘ ç’ƒ
3184,å†™æ¥½å®¶ã¨ã¾ã•ã‚“
3185,kawada7
3186,sho__________ta
3187,rare_island
3188,é®«å³¶ã²ãªã“
3189,ç¬‘é¡”ã§ãã‚‹ãƒãƒ¼ãƒˆãƒ¬ãƒ¼ãƒˆ
3190,MASAKI
3191,ã‚†ã‚“
3192,å¸
3193,Williamitari
3194,é«˜ä¸Šè«’æ–‰
3195,Akira
3196,å¥è‰äºœ
3197,å¥è‰äºœ
3198,å¥è‰äºœ
3199,ä½é‡æœæµ·
3200,Ayano
3201,Kaoru
3202,å®‡ä½é‡ãƒŠã‚®
3203,ç™½å·å’Œæ­£
3204,kz.graphics
3205,kusuda
3206,Mikihisa Suzuki
3207,ãƒŸã‚±ï¼“
3208,ãƒ¬ã‚´ãƒ©ãƒ³ãƒ‰
3209,ã„ã•ã‚‰ã
3210,ã„ã•ã‚‰ã
3211,monishi
3212,ã‚ã„
3213,terry
3214,Naohito_aestheticism
3215,æ¡œæœˆ
3216,ã¿ã‚‹ã¿ã‚‹
3217,é«˜æ¢¨ä½³ä»£
3218,DAISUKE
3219,elle
3220,ã‚Œãª
3221,ãƒŸãƒ«ãƒŸãƒ«
3222,å¤§å³¶æœ‹æµ
3223,ã‚‚ã£ã—ã‚ƒã‚“
3224,tomoyasu.ohno
3225,ç¶›æ‘å¤ç”Ÿ
3226,zhen9
3227,ã˜ãƒ¼ã˜
3228,ãŒã‚Œ
3229,megumi_iwasaki
3230,NAGATANI SHINGO
3231,ã±ã’ç”·çˆµ
3232,ã²ã‚‹ã‚€
3233,Sergeytielo
3234,æ—D
3235,Lilia
3236,æ¨ªé ˆè³€å­å¼˜
3237,ã‚ã‚„ã‹
3238,ã‚ã‚„ã‹
3239,é€¢å‚çœŸè¦
3240,Hiro1
3241,atelierBeatrice å¤šç‘ 
3242,ãƒ‹ãƒãƒ­â€•
3243,michiko
3244,é˜¿éƒ¨ã“ã†ã™ã‘
3245,ãƒŠã‚«ã‚¤ã‚±ã‚¤ãƒ©
3246,mohavemohave https://apple.com advizori
3247,é­š
3248,Izumi
3249,mohavemohave https://apple.com nb44bu
3250,chimo
3251,ç å¤®
3252,ã²ã§
3253,qUXfFeis
3255,inori
3256,å¤å·å£®ä»‹
3257,å²¡ç”°å’Œæµ©
3258,akira
3259,ã‚†ã¾
3260,ã‚­ãƒŒã‚³
3262,Arly
3263,å„ªä½œ
3264,ã—ãƒ
3266,Ğ¼Ñ‚ÑƒĞºÑˆ Ğ·Ñ‰ÑƒÑ†Ñ€ Ğ¼Ğ½ĞµÑ‹Ğ²ĞºÑ† Ñ‰Ğ¾ĞºÑ†Ğ½Ğº ĞµÑˆÑ†Ñ€ÑƒĞº
3267,Masaki Kanda
3268,ä¸˜å´æ
3269,Ñ€Ğ¾Ğ¿Ñ‰ÑƒÑˆĞº Ñ‚ÑˆĞ³ÑÑ„Ñ†Ğ¹ Ğ°ĞºÑ€Ğ³Ñ†ÑƒÑˆ Ğ²Ğ¾Ğ°Ğ³Ñ†ÑˆÑƒ ÑˆÑ‚Ğ³Ñ‹ÑÑ
3270,å¤œã€…
3271,æ¦æœ¬ç”±ç¾
3272,Maratnon
3273,Ginro
3274,çœŸç”±ç¾
3275,å³¶å´ã‚ã‚†ã¿
3276,Ğ°ĞºĞ¾Ğ°ÑˆÑ†Ñƒ Ñ‚Ñ‰Ñ‹Ğ²Ğ¾Ğ¹ Ñ„Ğ½Ğ³Ğ¿Ñ‹Ñ†Ñƒ Ğ°Ğ¾ÑƒÑ†ÑƒÑ†Ñ‰ ĞµÑ€Ğ¿Ñ‰ÑˆÑƒÑ†
3277,chiaki
3278,bbk_photo
3279,editorial B
3280,mina
3281,ç¥ç€
3282,ç¥ç€
3283,miu
3284,ãƒ’ãƒ‡ã‚¢ã‚­
3285,ãƒ›ãƒªã‚¦ãƒã‚¸ãƒ§ãƒ¼
3286,kei
3287,ã§ã‚“
3288,ã‚ãšã
3289,ä¹ƒæœ¨ç« 
3290,tama
3291,ãµã‚‹ã•ãŸ
3292,papyrus
3293,Windyrider
3294,ç«‹èŠ±ãªã“
3295,è‰æ¨º
3296,TSUKA
3297,é¦™æ°£èˆ˜
3298,ã‹ã£ã¡ã‚ƒã‚“
3299,èŠ±é¡
3300,Shoji
3301,é‚£æµ·
3302,RAGI
3303,ã‹ãª
3304,å¤§å· ç”±è²´
3305,ã–ã‚ãˆã£ã¦ãƒ
3306,ãŠãã‚Šã‚„ã¾
3307,ã‚ã•ã‹ãœ  ã‚„ã™
3308,ä¸€æœ
3310,æ¥¸ã¿ã‚Šã‚“
3311,ã‚ˆã—
3312,ãˆã¬ã–ã
3313,åŒæ¨¹ã®åº­
3314,æ¨ªç”°
3315,Dai
3316,kaya
3317,Dai
3318,ã‚†ã†ã™ã‘
3319,æ¨ªç”°
3320,ã‚
3321,é—‡ã®ç‹å±•
3322,é—‡ã®ç‹å±•
3323,BoBo
3324,ç›¸å·ãƒ‹ã‚³
3325,umiâ˜†
3326,umiâ˜†
3327,kento sakuragi
3328,ãˆã¾
3329,mimaya
3330,ko1090
3331,Hikari
3332,åªç”°
3333,ã‚ã‚„ã®
3334,ã—ã®
3335,ã•ãã‚‰
3336,ã²ãª
3337,å¤©ä½¿æ¢¨æ¡œ
3338,æµ…å²¡æµ©æ˜
3339,hok
3340,å…ç‰å½©éŸ³
3341,mono
3342,ãƒ¼
3344,Natsumi
3345,ç´…ç²‹
3346,ã‚«ãƒˆã‚¥ãƒ¼
3347,ãŠã‚ã‚“ãã‚‰ã’
3348,ãµãã„
3349,ç ‚å­
3350,Na
3351,Na
3352,çŒ«ã“ã¨ã‚‰
3353,ã‚¸ãƒ§ãƒ¼
3354,æœˆåŸ è¦
3355,satoshi
3356,ã¿ã¡ã‚‹
3357,ã¾ãˆ
3358,ã¨ã‚‰ã­ã“
3359,ã„ã¡
3360,naotin
3361,ä¹…è—¤ã•ã‚†
3362,å¾å¦»å¾‹å¥ˆ
3363,ã‚¯ã‚ªãƒ³
3364,Syamo
3365,ã‚¤ã‚·ã‚«ãƒ¯
3366,ã‚ªã‚¬ã‚µãƒ¯ãƒ©
3367,bulletproof
3368,å±±ç”°ä¼¸äºŒ
3369,ç·‹å¥ˆè“®
3370,å®®æ¾¤å¤§äº®
3371,ç«¹å†…ã‚ŠãŠ
3372,moonz_k
3373,æœ«é•· æ¾„è¯
3374,KAORU
3375,åŠ è—¤ã¿ã¤ã¯
3376,naka
3377,NANAMI
3378,æ£®ä½‘äºº
3379,ã‚³ã‚¦ãƒ…ã‚­  ã‚»ã‚¤ã‚­ãƒ
3380,é‡‘å­ç§€ç´€
3381,yu-ki
3382,éƒ½ä¹…äº• å•“ä¹ƒ
3383,YOROZ
3385,TOSHI
3386,Ange
3387,ãˆã‚Šã“
3388,scene
3389,coco
3391,PUKU
3392,è¾»
3393,ã‹ãšã£ã¡ã‚‡
3394,ã‚Šãˆã£ã¡ã‚‡
3395,Urei
3396,å¿«
3397,æ¾æœ¨ã‚ã‹ã¯
3398,ã©ã‚“ãŸã
3399,æµ…å·è‹±ä¹Ÿ
3400,æ©˜ ã‚¯ãƒ­
3401,ã‚ã„ã†ãˆãŠ
3402,tfk6809
3403,ã‹ã‚‰ã•ã‚
3404,å¿—ç”°
3405,Suzuyukko
3406,æ§ï¼
3407,Jo
3408,ãƒ©ãƒ—ãƒ©ã‚¹
3409,YASU
3410,æ§ï¼
3411,ä¸‰æ©‹åº·å¼˜
3412,éˆ´æœ¨èŒèœç¾
3413,é‚£éƒ¨äºœå¼“
3414,A
3415,æœˆé‡åŸã‚Šã‚“
3416,ã®ã‚‚ã®ã‚‚
3417,SD
3418,ãªã‚“ã¡ã‚ƒã‚“
3419,ãªã‚“ã¡ã‚ƒã‚“
3420,æ ï¼ˆShioriï¼‰
3421,ãƒ‘ãƒ³ãƒ€
3422,å°¾å½¢ä¸€è¯
3423,è™¹å½¼æ–¹
3424,æ¾æœ¨ã‚ã‹ã¯
3425,HISSAN
3426,ã¸ã„
3427,ã‚¯ãƒ­ãƒ ã‚¯ãƒ­ãƒãƒ«
3428,sinsin
3429,å‡ª
3430,ã‚Œã„ã‚‰
3431,ã‚«ãƒƒãƒ‘
3432,ã‚†ã‹
3433,Taylor Brown
3434,ãƒŸãƒ¤
3435,æ¸¡è¾ºå¯¿
3436,tappa
3437,kobaã£ã¡
3438,umi
3439,ã³ã„ã‹ã‚
3440,å±±å£é›…å·±
3441,ã®ã¶ã²ã“
3442,ã‘ãã‘ã
3443,JIN
3444,æ¿µç”°ã€€é’å¼¥
3445,Kashi
3446,ãƒ˜ã‚¢ãƒ¼ã‚¢ãƒ¼ãƒ†ã‚£ã‚¹ãƒˆå†…æµ·
3447,é›¹
3448,kate.
3449,mochy
3450,ç ‚ã—ã‚ƒã‚“
3451,ã†ã¡ã ã¨ã‚ˆã²ã“/kyotorabbits
3452,æœ¨å…¨äº¨
3453,serra*
3454,ã‚¢ã‚¸ãƒ ãƒ©ã‚·ã‚²ãƒ¦ã‚­
3455,Kareyjoker
3456,ryo yoshida
3457,ã¦ã£ã©
3458,ã‚ªãƒªãƒ´ã‚£ã‚¨æ…¶å­
3459,narunaru_photo
3460,hanamori
3461,ã§ã‚‰
3462,MAKIï¼ˆæ—§å: ã‚ã£ã¡ã‚ƒã‚“ï¼‰
3463,shanye
3464,kojifujita
3465,ç«¹å†…ã€€æ­£
3466,ã‚ã‚†
3467,Kai Koseki
3468,ãƒã‚¢ã‚­ãƒŠã‚«ãƒ ãƒ©
3469,SU
3470,èœèŠ±å®‡æµ·
3471,GMKSã€‚
3472,ãªãŠãªãŠ
3473,mu_mu_pooh
3474,ã‚µãƒˆã‚±ãƒ³
3475,Nachi
3476,eyqzMEol
3477,ã¾ã‚Šã‚‚ã£ã“ã‚Š
3478,å®‰ç”°çœŸå¤®
3480,Yuya
3481,ã¾ã—ã‚
3482,ã‚ã¥ãã€€ã¾ã—ã‚
3483,ãã‚ã ã‚†ã†ã
3484,æ¯›ã‚“å¤ªéƒ
3485,æ‚ æ¢¨ä¹ƒ
3486,å¡šäºº
3487,ã¡ã£ã¡ã€‚
3488,Asami
3489,ã¾ã‚‹
3490,ã‚¿ãƒ ã‚¿ãƒ 
3491,ãƒ’ãƒ­ã‚«ãƒ¡
3492,ããƒ¼ã‚„ã‚“
3493,ä»Šåˆ©å¥ˆæ´¥å­
3494,DerekPut
3495,ã‚ˆã£ã²
3496,ã¯ã¥ã
3497,Yoshiki
3498,taka-c
3499,ã‚‚ã‚‚ã‹
3500,ç´€æ˜Œ
3501,guido
3502,ã‚„ãªã›
3503,é½Šè—¤å®æ˜
3504,ãŸã‹
3505,5K
3506,Asa
3507,prupo1989
3508,Terry Muto
3511,iJSGvykQcaeTO
3516,TAPi
3517,æµ·åŠä¸»
3518,now
3519,ãƒ¦ã‚¤ãƒ¡ã‚¤
3520,NAKIã‚ãƒ¼ã‚‹ã©
3521,shibaken526
3522,knk50644
3523,mai
3525,ã‚¦ã‚£ãƒ¼ãƒâ€œWIINÃ˜â€
3526,ikko
3527,MARO
3528,Wag
3529,tomm
3530,halt
3531,èˆç’ƒé¦™
3532,ã‚­ã‚¿ãƒ­ã‚¦
3533,ã‚ã¿.U â—¡Ìˆâ™¥ï¸
3535,kuni takakuwa
3536,ã‚¿ã‚³ã‚¹ã‚±
3538,ã‚­ãƒ¢ãƒˆã‚«ã‚¤
3539,Nono
3540,Akira K
3541,ã“ã ã¾ã‚‹
3542,ã‹ã‚‹ã‚ã™
3543,NANACHAN
3544,Tripojisan
3545,Tei
3546,ã¨ã‚‚ãªãŒã‚Šã‚‡ã†
3547,JRwQcaHnlh
3548,åŒ—å‡ºã€€è²´å¤§
3549,ã‚µã‚¤ã‚³
3550,ã¾ã‚‹
3551,è¿‘æ±Ÿæºæ°
3553,mikio seki
3554,ã˜ã‚“
3557,ãƒ•ãƒ­ãƒ³
3558,ãƒˆã‚¬ãƒã‚µ
3559,Takuya Tanimoto
3560,Nagi.s
3561,Nagi.s
3562,YUSURA
3563,ã¾ã‚“
3564,Maa/ã¾ãƒ¼
3565,ã´ãã•ã‚“ã€‚
3566,ã‚¢ãƒ«ãƒãƒ¼ãƒˆ
3567,bhggewfgq
3568,Ani
3569,Gull
3570,beaucuejp
3572,tak_foto
3573,Itsuki_seule
3574,ãƒŠãƒ«ãƒ
3575,Takaï¼ˆTakayuki Kohnoï¼‰
3576,Sho Richard
3579,JJ
3580,ã‚ã¯ã‚“ã¸ã‚“ã»ã‚“
3581,ã‚¦ã‚¨ãƒãƒ¼ã‚¹
3582,Hisa
3583,æ¡å¶‹ã‘ã„
3584,kiy
3585,mappy
3586,å²©æ¸• æ”¿å’Œ
3587,@-tin
3588,ã¿ã‹ã¥ã
3589,ã‚ãƒ¼ã•ã‚“
3591,å±±å´ã²ã‚ã—
3592,Masa
3594,ç™¾èˆŒ
3595,evidencemanager
3596,ã¯ã˜ã‚
3597,ãƒŠã‚¬ã‚¿
3598,éˆ´æœ¨å¤§å²
3599,ã²ã‚ã¡ã‚ƒã‚“
3600,leyz
3601,Masayuki Furukawa
3602,AMG
3603,ã‚ãP
3604,ï¼ ãŒã¡ã‚ƒã«ãƒ
3606,ãƒ•ãƒ«ãƒ¼ãƒ„ã‚­ãƒ£ãƒƒãƒ—
3607,NISIZIMAN
3608,NISIZIMAN
3609,ã‚€ã˜ãƒ
3610,ã·ã‚‹ã¨ã«ã†ã‚€
3611,toku
3612,86iz
3613,ã¨ã†ã‚ˆã†ã€‚
3614,seiichi kusuda
3615,SK
3616,Another me
3617,SHIMA
3618,Noah
3619,è¿‘è—¤
3622,masahiro_ohta
3623,ãœã‚“ãã‚‡ã†
3624,ã‚Šã‚…ã†
3625,Kana Sugimura
3626,shonansurf2003
3627,ã¯ã‚„ã£ã•ã‚“ã€‚
3628,kazuya_camera
3629,ã†ã‚Š
3630,Kazeo
3631,HelloAgain
3632,ç¦å£«ã‚†ã„
3633,ãã‚€ã¡
3634,ã¿ãšã¡ã‚“
3635,ã»ã®ã®
3637,C&N
3638,ã•ã‚€ã‚‰ã„ã¾ã£ã
3639,SHINGO
3640,koh
3642,Flat
3643,ã‚ãã¯ã‚‹ã‹ã™
3645,foxdeep
3647,ãŸã‘
3648,ãƒãƒ£ãƒƒã‚¯
3649,é«˜æ©‹æ…¶åŸº
3650,ç¦å£«ã‚†ã„
3651,ã‚ã‚‹ã‚’
3653,ã‚‚ã‚‚ã˜ã‚ã†
3654,ã‹ã¾ã™
3655,Ryohei Takagiâš½ï¸
3656,AsaiTakajin
3657,ã¡ã‚ƒã‚‹
3658,ã²ã‚‡ã£ã¨ã“
3659,M.Hattori
3660,KAORU
3661,ã™ã‘ã•ã‚“
3662,GABA
3663,ã‚ãŠã¨ã‚
3664,AAAbolype
3665,belle_graphics
3667,ã©ã‚Š
3668,ä½å€‰ã¿ãƒ
3669,ã•ãã‚‰ã€‚
3670,yuji
3671,yuji
3672,ã‚ãã‚
3673,Moliya Cohama
3674,ãŸã¾ã”ã™ãŸã„ã‚‹
3675,ã­ã“ã€‚
3676,Hikaru Kawabata
3677,ã›ã‚“
3678,ã²ãªãŸæ°
3679,ã¤ã‚“ã¤ã‚“
3680,miyabi
3682,èµ¤ã‚¸ãƒ£ãƒ³ãƒãƒ¼
3683,Ronniesmawl
3685,ian
3686,ã“ã½ã‚“
3687,AAAbolype
3688,ãŸã£ã
3689,KZT
3691,å¹³é‡ å—
3692,Hara@
3693,ã»ã‚Šã£ãâ˜†ã‚¹ãƒšãƒã‚¢ãƒ¼ãƒ¬
3694,ãŠãŒã¿ã€€ã‚ã„ã—ã‚“
3695,ã¨ã³ã€‚
3696,ãŠã
3697,ã˜ã‚‡ã†=ã‘ã‚“
3699,ã˜ã‚…ã‚“ãºã‘
3700,ã—ã‚…ã‚“ã¡ã‚ƒã‚“
3701,ä¸Šè«¸ã¾ã‚†ã¿
3702,ãƒ’ãƒ­ãƒ¦ã‚­
3703,BAKU
3704,ã‚¸ãƒ³ã‚¯ã‚¹
3705,TSUNE
3706,æ¡œèŠ±ãã¡
3707,YASU
3708,ç©‚æ³¢
3709,ã¼ã‚“ã¦ã‚“
3710,ã¤ã®
3711,Takeshi Majima
3712,ã‚ã‚‹ã§ã°
3713,ãƒ©ãƒƒã‚·ãƒ¼
3716,ã‚­ã‚¿ã‚¯ãƒœãƒŸãƒ„ãƒãƒ–
3717,æ’®äººä¸çŸ¥
3718,ã¯ã’ã™ãŸãã‚‰ã‚€
3719,haru507
3720,Akira_ARIA
3722,Fuku
3723,Takeshi.S
3724,chuanlai
3725,ç¾æœˆ
3726,ãƒ’ãƒ­ã‚­ãƒã‚¹ãƒ€
3727,smith
3728,K.Hiroya
3729,æ¡ƒèœ
3730,ke-ta
3731,Kazuki Mizuguchi
3732,shir0xxx
3733,ãƒ«ã‚¬ãƒ¼ãƒ«
3734,Sakura
3735,kagineko
3736,SAM
3737,ã¿
3738,æ¸©æ³‰ã ã„å¥½ãâ™¨
3739,K-SUKE
3740,ã‹ã‚ã®ã›ã›ã‚‰ã
3741,hiiiRo
3742,ã‚¹ãƒ‘ã‚²ãƒ†ã‚£ãƒ¼ãƒ‹ãƒ•ãƒ­ã‚¤ãƒ©ã‚¤ãƒ³
3743,ã„ãªã°ã‚†ãŸã‹
3744,å¢—äº•å‰‡è¡Œ
3745,ç¨²æ‘ ç‰§
3746,ãƒ©ãƒ´ã‚£ãƒ©ãƒ´ã‚£
3747,å¤§ä½
3748,yukio izumiyama
3749,ã‚ã¨ã‚Šãˆã‹ã¾ã„ã‚†
3750,Higa Hisato David Liao
3751,ã ãƒ¼ã‚ˆã—
3753,l170l88
3754,michone
3755,èœ‚èœœ
3756,ã‚€ã‚‰ãˆã‚‚ã‚“
3758,chuanlai
3759,asafumi
3760,kyohei_west
3762,ãã®ãã®
3763,ã‚±ãƒ‹ãƒ¼
3764,lpyctpmix
3765,æ¸¡è¾ºæµ©æ˜
3767,mirzesyswy
3768,Vanetravel
3769,hyde
3770,TAKA
3771,æ–æœ¨
3772,Jeffreyovapy
3774,asdpc
3775,ããŠã‚“
3776,Nohi
3777,Dã‚»ãƒ„
3778,æŸ³æ¥½ å¥äºº
3779,æ·±æœˆé¢¨é¦™
3780,Suu!
3781,Princesse Reico
3782,åŒ—å·ã‚Šãª
3783,åŒ—å·ã‚Šãª
3784,ä¸­æ‘è¡
3786,Jack Aldrich
3787,ã—ãšã
3788,ã—ãšã
3789,bvkizfybd
3790,joe
3791,Lisamew
3793,dpcxqhibic
3794,ã‚¿ãƒ©ãƒƒã‚¿
3795,SHOGO YASUDA
3797,ãŠã£ã¡
3798,Jon
3799,å„ªæ–—
3800,ã‚ã‚“ãã¦ãƒ¼ã‚‹â˜†
3801,ã²ã‚ã²ã‚ã²ãƒ¼
3802,jaga
3803,Doublebtc-breef
3804,ã‚ã‚‹ãµã@ã¿ãšãŸã¾
3805,æœ¨ä½ãã•
3806,ã‚«ãƒˆã‚¦ãƒã‚·ãƒ¥ã‚¦
3807,ãã‚Šã¯ã‚‰
3808,songsong
3809,è¿‘è¡›
3810,MIKA
3812,ãŸã ãã¡
3814,æ˜Ÿå§«ã€€ã‚ã„
3815,ã‚¹ã‚®ãƒ¤ãƒ ãƒãƒ–ãƒ„ã‚°
3817,ã¯ã¡
3818,ã¯ã¾ã‚„ã‚“
3820,ã‚«ãƒ¢ãƒ¡ã¨ã‚«ãƒ©ã‚¹
3822,UGO
3823,ISHIKAWA
3824,æµæ˜Ÿ
3825,ã‚€ããŸã‚“
3826,ã• ã ã€‚
3827,ã‚ã‚“ã‚ã‚‹
3828,ã†ã£ã¡ãƒ¼
3829,é¼å¤ªéƒ
3830,ã‚‚ã‚Šã‚Šã‚“
3831,mocaï¼Š
3838,ã„ã•ã¾ã‚‹
3845,ã‚ã‚“
3847,yzk
3848,ã¨ã—
3849,ãŸãã¾ãã‚“(çˆ†ç¬‘)
3850,yzk
3857,kaz
3858,ã˜ã‚…ã‚“ã´
3859,fixer_zer0
3867,isnpvgckb
3868,ã‚«ã‚¹ã‚«ãƒ™ã‚­ã‚¿ãƒ­ã‚¦
3869,"Bitcoin rate is growing. Manage to invest. Get passive income of $ 3,500 per week https://qspark.me/B4aPad?15=35"
3870,What's the easiest way to earn $30000 a month https://discordupp.com/rfo7m?15=35
3871,Invest in Bitcoin and earn from $ 3000 per day http://di.do/9Qwy?15=35
3872,I'm 23. I have $30000. How can I best use it to make more money http://urlma.de/AcUe9d?15=35
3873,Become a bitcoin millionaire. Get from $ 2500 per day https://slimex365.com/4tr6w?15=35
3874,Invest $ 500 and get $ 55000 every month http://freeurlredirect.com/4xpno?15=35
3875,Invest in cryptocurrency and get passive income of $ 5000 per week https://darknesstr.com/4qgzm?15=35
3876,POX85433DCXQANOT0O4Y5XOP http://google.com/756
3877,k.moro@irodori
3878,napilim.pro
3879,koreeda_styles
3880,æ°´ç„¡æœˆ
3881,R.Matsu
3882,å¥ˆæœˆ
3885,åˆ¹é‚£
3886,ç¾æœˆ
3887,ã‚­ãƒ¨ãƒãƒ«
3888,é™ç´…
3889,akibeaver
3890,bosskan
3892,ãƒ‹ã‚«
3893,MIE
3894,ã˜ã‚…ã‚“ã«ã‚ƒã‚“ã“
3896,AlfonsoHen
3897,é¢¨å¤ª
3898,æ³¢ä¹—ã‚Šã±ã‚“ã 
3899,ã‚¸ãƒ¥ãƒ³ã‚¤ãƒ.photo
3900,fujimura
3901,ã‘ã„
3902,Shin
3903,ã‚†ã†
3904,ãã¿
3905,Joe
3906,ã¨ãƒ¼ã
3907,ãƒã‚­â™‚
3908,ã‚¹ã‚ºã‚ºã‚¹
3909,åŸç™½(ã¯ã‚‰ã—ã‚)
3910,ç¥å´ç«œä¹Ÿ
3911,Kazumasa.M
3912,ã‚„ã£ã•ã‚“
3913,ã‚¹ã‚ºã‚¹ã‚º
3914,ã„ã„ã¥ã‹ã”ã†
3915,cana
3916,ã‚Œã„ã‚‰
3918,Sakurai yuya
3919,Ryoji Konno
3921,ã‚†ã‹
3922,ã‚†ã‹
3924,ãƒãƒ¼ãƒ–ãƒ«
3925,ãƒãƒ¼ãƒ–ãƒ«
3926,ãƒãƒ¼ãƒ–ãƒ«
3928,ãªã‚“ã‚€ãƒ¼ã•ã‚“
3930,ãƒŸã‚µ
3931,S.O.
3932,ã‚ã‚¼
3933,ã‚ã‚¼
3934,ã‚ã‚¼
3935,ã‚ã‚¼
3936,ã‚ã‚¼
3937,Altair626
3938,qhopnvrpm
3939,RuFaway
3942,è‘‰æœˆ ç´”
3943,è‘‰æœˆ ç´”
3944,è‘‰æœˆç´”
3945,è‘‰æœˆç´”
3946,ktm.designfactory
3947,Sean.Hunt
3948,Sean.Hunt
3949,ï¼¹
3950,ï¼¹
3953,Sean.Hunt
3954,saito1002
3955,Sean.Hunt
3956,ãƒ‹ãƒƒã‚·ãƒ¼
3958,ãƒ‹ãƒƒã‚·ãƒ¼
3959,sakipotage*
3960,ãã¾ã•ã‚“(å¯ç†Š)
3961,ãã¾ã•ã‚“(å¯ç†Š)
3962,ãã®ã“
3963,ãã¾ã•ã‚“(å¯ç†Š)
3964,ã‚ãŠ
3965,ã‚ãŠ
3966,Stanleydet
3968,iroha
3969,iroha
3970,shionaiyana
3971,ã“ã‚ã¡ã‚ƒã‚“
3972,å’Œæ³‰ãƒã‚­
3973,æ¸…æ°´ ç›´æ¨¹
3974,å¤§æ‘æ™ƒæ¬¡
3975,å¤§æ‘æ™ƒæ¬¡
3976,YUKITO
3978,Akirin
3981,qWpbjVlU
3983,ã¦ã™ã¨ã¦ã™ã¨
3984,ãƒ†ã‚¹ãƒˆ
3985,natume
3986,M-take
3987,testtesttttt
3988,Arou
3989,ãƒã‚¯ã‚µãƒ³
3990,yotsuba
3991,Nã€‚ï¼ˆãˆã¬ã¾ã‚‹ï¼‰
3992,Tanaryo
3993,ã€é‡ç£ã€‘
3994,Yuki Shuan
3995,åºµ
3996,blizzard
3997,å½¦ãƒãƒ«
3998,ã‚†ãã¨
3999,ã‚¨ãƒª
4000,å°å±±ã•ãªãˆ
4001,æ¾å²¡ç ç¾
4002,ACO
4003,Tsubasa
4004,kota morimoto
4006,kumasi
4007,ãƒŠã‚¬ã‚¤
4008,P-MAN
4009,ä»Šæ³‰ å’Œ
4010,Darjeeling Days
4011,yu
4012,kMgXxJrFGZpqduBT
4013,æ–°è°·ãƒ–ãƒ«ãƒ¼ãƒ
4014,ãŸã˜
4015,ã•ã¨Q
4016,ã²ã§G
4017,ZEBRAFOX
4018,æ£—
4019,ã‚·ãƒã‚¨ãƒŠã‚¬éšŠé•·
4020,ãƒãƒƒãƒˆ
4021,lmhlhmtj
4022,silow
4023,ã†ã®ã™ã‘
4024,æµ¦ç”°ã‹ãš
4025,a.k.i.r.a.
4026,ã¨ã‚‰ã•ã‚“
4027,ã‚ˆã—ã¾ã‚‹@
4028,bvrkgqnc
4029,phot_studio_yamada
4030,kz
4031,ã²ã‚ ã²ã‹ã‚Š
4032,MOTO
4033,Altair
4034,tkzw46
4035,ã‚ã Aki
4036,ã„ã¾ã¡ã‚ƒã‚“
4038,Danny'O
4039,sun_sun
4041,æ«»
4042,SEKAI
4044,NHS
4046,ãƒ†ãƒ„
4047,totoro
4048,unknown
4049,é»’é›¨
4050,ã‚¢ã‚¤ã‚«ãƒ¯
4051,YOSHI
4053,ã‚‚ã¨ãŸã‚ã†
4054,test
4055,å‚ç”°ã‚«ãƒ¡ãƒ©ãƒãƒ³
4056,peckcheek
4057,HIRO
4058,æ¿é‡å„ªèŠ±
4060,SHINICHI
4062,rikoko
4065,silverworks
4066,HY
4067,kumanyan
4068,æ²³æ‘ã€€å¯›æ¬¡
4069,ã‚¢ã‚¤ã‚µã‚«ã‚¢ã‚«ãƒ
4070,æ‰ã¡ã‚ƒã‚“
4071,hirohumi95
4072,æ¡å¶‹ã„ã®
4073,HrysBasics
4074,Jin.Muu
4075,YuKi-MaSa
4076,Eiji-S
4077,wyrivljcpo
4078,ãƒŸãƒŠãƒˆ
4079,ã˜ã‚“ã‚ã
4080,kcbptmmgyg
4081,Akihito NIWA
4082,æ‰æ£®
4083,ãŠã‚€ãŠ
4084,Ryo Ito
4085,æµ·é‡ è—»å±‘
4086,ã„ãªã‚„ã‚“
4087,fujiofm
4088,ãŸã‹ã¯ã—_å½¹è€…ãƒãƒ¼ãƒˆãƒ¬ãƒ¼ãƒˆ
4091,saaya24
4092,sat
4094,ã„ãªã‚„ã‚“
4095,mafy59
4096,ã†ãŸ
4097,HomboltTec
4098,ã±ã‚‰ã•ã‚“
4099,KEI
4100,KAZUMA
4101,ã‚ã£ã¡ã‚ƒã‚“
4102,ãƒ¤ãƒŠã‚®
4103,CAZ
4104,Takahiro Yamamoto
4105,Yoji Watanabe
4106,ist
4107,FRM
4108,ãã‚ã‚„ã‚“(é»’æœ±é›€)
4109,kaz
4110,ä¸‰ç”±ä½³å¥ˆ
4111,ç‘›ç†ç´—
4112,kiã€œchan
4113,ã‚€ã‚‰ã•ã
4114,YABANA
4115,K Kazu
4116,æ™ºæ˜¥
4117,æ¶¼ç™½ã¾ã—ã‚
4118,ROCKWELL
4119,Grapher  M
4120,è°·å±±ã‚Šã
4121,BseqSDUxbcug
4122,kijyxhhvs
4123,ãƒãƒ«(â™)
4124,ãŸã‘ã³ã‚“
4126,ãƒšãƒ³ãƒˆ
4127,shin
4128,ã—ã‚“ã—ã‚…ã‚“
4129,ãƒã‚¨ãƒ«
4130,310ayumi
4131,501A
4132,é»’é˜¿
4133,å¤è¼
4134,å¤è¼
4135,osaka_photo_dream
4136,ANNA
4137,killy
4138,Craft Gin
4139,ã¯ã£èŠ±
4140,å¯Œæ°¸ç§€å’Œ
4141,ãŸã‹ã†ã•
4142,erymykojq
4143,kEoRzWJalw
4144,ãŠã£ããƒ¼
4145,å®‡ä½æ˜¥
4146,m.shira
4147,ã‚·ã‚¤ãƒŠã‚¨ãƒªã‚«
4148,bulldog
4149,minato
4150,é›¨å®®ã²ã‚
4151,ã¾ã£ã¡ã‚ƒã‚“
4152,sadaharu
4154,rhjdnbgpk
4155,ç¾ç©º ç…ç«¥
4156,kaz.jp
4157,äº•æˆ¸ æ­©
4158,mai
4160,ã‚ã„
4161,ã¿ã‚ƒãã¡ã‚ƒã‚“
4162,å¤¢å°è·¯ã‚ã‚Šã•
4163,ææ¨¹
4164,MIYU
4165,Kinami Shun
4166,Gonta
4167,hiro
4168,ã—ãƒ
4169,Jindi
4170,michell
4172,DJ65(sixty five)
4173,å†¨æ°¸ã€€å‹‰
4174,ããŠ
4175,é‡‘æ¾¤ æ­£å¹³
4176,yun photo
4177,sy_fuk_24
4178,Y.Maekawa
4179,ã“ã†ã¹ã®ã¨ãªã‚Š
4180,è«­ï¼ˆã‚†ã†ï¼‰
4181,æ¡œ çµä»
4182,å¥ˆå€‰
4183,â­ï¸å½¡ã²ã§â­ï¸å½¡
4184,ã‚ãŠã°
4185,Daisuke Iwamoto
4186,ã¾ã»ã†
4187,é›¨ä¸‹
4188,é›¨ä¸‹
4189,ãŠã‚‚ã¡
4190,Kaito
4191,Masayan
4192,asuna
4193,ã¤ã°ã•
4194,ã¼ã£ãã‚“
4195,tlvdottdhl
4196,aloNbYzIApXnBmsM
4197,ã¤ãª
4198,RYO1453
4199,ã‚‹ã™ã¨ã‚‰
4200,ç¾æ¡œ
4201,ã¼ã£ãã™
4202,ã‹ãš
4203,aMberu
4204,è„±å­—ã£å­ãƒˆãƒ¼ãƒã‚¹ã‚«ãƒ¡ãƒ©åˆå¿ƒè€…ã‚´ãƒƒãƒ‰
4205,jambo
4206,Kazuâ˜†
4207,kj_portrait
4208,Akichan
4209,masato
4210,WayneChuse
4211,éº¦
4212,ãƒªãƒª
4213,ç´”å¥ˆ
4214,å†…ç”° ã‚±ãƒ³ã‚¤ãƒãƒ­ã‚¦
4215,230(TSUMIRE)
4217,ã‚¢ã‚ªã‚¯ãƒ
4218,ãºã‚ã‚Šã‚“
4219,ãŸã®ã•ã¤
4221,fuuka
4222,hiro
4223,ã¾ã‚‹ã‚„ã¾
4224,ã¨ã„ã•ã‚“
4225,ATARU(ã²ãƒ¼ã•ã‚“)
4226,ã¾ãŠ
4227,ãŠã¡ã‚…ã‚“
4228,MARL
4229,ã¨ã£ã—ãƒ¼
4230,photo_chi_
4231,ã„ãã½ãƒ¼
4232,ã•ã‹ãª
4233,yuki_photo
4234,PedroDut
4235,takeshi morikawa
4236,äºç¾…ã€AMIã€‘
4237,äºç¾…ã€AMIã€‘
4238,è—¤è¦‹ã‚ã‚†ã¿
4239,T2-Labo.::
4240,OrEsdRZbqm
4241,KTJapan
4242,saaya
4243,SHADOW LIGHTSæ’®å½±ä¼š
4244,Honma Airi
4245,ã‚«ã‚·ã‚²ãƒ«
4246,ã‹ãŸã•ã‚“
4247,Trevorstite
4248,ã‚³ãƒãƒŸãƒ¤
4249,å±±æœ¬æ™ƒå¸
4250,ãƒã‚·ãƒ¢ãƒˆ ãƒãƒŠ
4251,ç´«æœˆ
4252,YUKA
4253,dcjqfwjmp
4254,ã‚‚ã
4255,ç´«æœˆ
4256,ç´«æœˆshiki
4257,JIN
4258,åˆç€¬é‡ã‚Šã‚‹
4259,ã‚«ãƒ¡ãƒ©ãƒãƒ³4å·
4260,RamonAlove
4261,ãã¿ã‹
4262,PJcVDxdA
4264,htqyihjxv
4265,å’Œç¾
4266,ã¾ã•ãŠ
4267,Gantakun
4268,ã­ã‚‹
4271,ã¾ã‚†ã‚
4272,æ›‰å¤©ã®æ˜Ÿ
4273,ã¾ã“ã£ã¡ã‚ƒã‚“Tp
4274,neige1215
4275,ã“ãŸã‘ğŸ€
4276,sena
4277,á´‹á´á´›á´€ Êá´€á´á´€á´á´á´›á´
4278,ã‚ã„ãœã‚“
4279,ä¼½ç¾…
4280,Keaton_Fukunaga
4281,huku
4282,Karin
4283,Mariko Kinone.
4284,ã‹ã¤ã³ã‚“
4285,ã‚­ãƒ³ãƒ¢ã‚¯ã‚»ã‚¤
4286,Roll
4287,Roll
4288,nepia
4289,Enju
4290,ã‚«ã‚ºãƒ
4291,syoutaro
4292,Keiph
4293,kuro-king69
4294,Hiroyuki Noda
4295,ç• å±±å°šäºº
4296,yuu
4297,è‹¥ã¡ã‚ƒã‚“
4298,ã‚¤ã‚·ãƒãƒ© ãƒ€ã‚¤ã‚­
4299,åœ°å¤®(ã¡ãŠ)
4300,cozykick
4301,t
4302,ã—ãƒ¼ã‚‰
4303,ã›ã„ã˜
4304,nao
4305,mika
4306,ã²ã¾ã‚Š
4307,MAKOTO
4309,ãƒ¨ã‚·ã‚¹ã‚±
4311,chiaki_days
4312,ãƒ¯ãƒ³ãƒ¡ã‚¤
4313,ã¯ã€€ãª
4314,inlqbriwep
4315,mogu
4316,kenta
4317,MichaelBruiz
4318,tokji7
4320,jqwphjjob
4321,hiroyuki matsuda
4322,Nao
4323,Reila
4324,yuno
4325,Mizuki
4326,Mizuki
4327,æ˜å¤ªå­
4328,ãã‚Šã”ã¯ã‚“
4329,KK
4330,ã‚ˆã“ã¡
4331,Azmin
4332,æ¥½ä¿Š
4333,ã²ï½ã•ã‚“
4334,ä¸€å¯¸å¸½å­
4335,kazuhiro
4336,burekyami
4337,kiko
4339,ï¼­ä¸­
4340,micryu
4341,ã²ã‚ã—
4342,Sophie
4343,kIVfJgirqsZO
4344,ç‘æµ·
4345,ãŸã„ã¡ã‚ƒã‚“
4346,å¿ƒå­
4347,ã‚¿ãƒŠã‚«ãƒ”ãƒ­ãƒª
4348,ushikik
4349,taka
4351,ç¯ç’ƒ
4352,ãã‚ã­ã“
4353,Masaru Nakanishi
4354,K
4355,leviz
4357,meji
4358,kei
4360,shinyaaaa
4362,ãƒ”ã‚¶ãƒãƒ³
4363,ã“ã†ã˜
4364,ã‚¢ã‚¯ã‚»ãƒ«
4366,è—¤
4367,Tekuo
4368,ãƒ«ã‚«
4369,MATSUGEN
4370,Choco Choco
4372,ã‚­ã‚¸å½¦
4373,ãƒãƒ„ãƒ•ã‚©ãƒˆ
4374,youda_inoue
4375,yournewpasswordhorienwfa https://facebook.com 9640
4376,ãƒŸãƒ³ï¼ã«ã—ã†ã¿
4377,Robertaromo
4379,ä¸‰æµ
4380,kazclub
4381,matsu-hyou
4382,Hiro
4383,ãã‚„ã¾
4384,NoTitle.
4385,ãã‚‹ã½ã‚€
4386,ã¤ã®
4387,Â°F
4388,ã‹ã­ã‚Šã‚“
4389,ï¼­ï¼¡ï¼²ï¼µã€‚
4390,ã¾ã»
4392,Key_can
4393,ãµã†ã‚Šã‚“
4394,ã‚‚ãˆã´
4396,nemu.
4397,Shigeo Katsuzawa
4398,ã‚ã‚†ã¿
4399,KOH
4400,ãƒãƒ§ã‚³ãƒãƒŠãƒŠ
4401,ã—ã‚“ã—ã‚“
4402,Rakia
4404,KND
4405,coto
4406,yun
4407,ã‚ãŠã®
4408,æ°´æ¨¹ç™¾åˆ
4409,kaoru
4411,ãƒãƒ«ãƒ’
4412,éˆ´æœ¨ éš†æ–‡
4413,ã™ã“ã£ã¨
4414,Ludo
4415,IGA_Nagoya_Japan
4416,SiRO
4417,AKKY
4418,Re:164
4419,Hip
4420,Shih Han
4421,Sho1
4422,jun.k
4423,MADOKA
4424,ãŠãŠã‹ã¿ã€€ã‚†ã‚
4425,ãƒ¢ãƒªã‚·ã‚¿ãƒã‚µãƒ¦ã‚­
4426,å°æ¢Ÿã“ã®ã¯
4427,ç¾¤é’æ—¥å’Œ
4428,ãµã‰ã‚Œã£ãã™
4429,Shige6218
4430,ã‚Œã„ã‹
4431,Daichi
4432,shimoshimo
4433,çµèŠ±
4434,yshirasa
4435,mjkphoto
4436,TAKESHI.photographer
4437,DM
4438,Momomaco
4439,yoshi_cz
4440,yoshi_cz
4441,yoshi_cz
4442,ã¯ã‚„
4443,rinahamu
4444,rinahamu
4445,AirBand
4446,JIMMY
4447,RgAKmoOfkwSI
4448,ãœã‚‹ãœã‚‹
4449,ã½ã‚Œã—
4450,ã•ãƒ¼
4451,mimash
4452,SHIN
4453,ã”ã£ãŸç…®ï¼ˆé‹ï¼‰
4455,NOBB SUEYOSHI
4456,å¯ºå°¾ å½—
4457,Tomo
4458,hina
4459,å¹³å·ã‚¿ã‚±ã‚·
4460,é‡æœ¬ã‚Šã„ãª
4462,shinyeah92
4465,ã‚‚ã‚Šã—ãƒ
4466,cbjijbmhsh
4467,ã³ã‚ãƒªãƒ³ã€‚
4468,ã‚µãƒˆã‚¥
4469,masato
4470,Punupunusan
4472,AOI
4473,ã¯ã«ã‚
4474,sushi
4476,ãµãã‚ˆã—
4477,ã‚­ãƒ‰
4478,éŠæœ¨ å»ºå¿—
4479,ãƒ¨ãƒŠå¤ª
4480,ãŸã¡ã°ãª ã•ã
4481,Hiiro
4482,Masa
4483,Yosshy
4484,ã´ã‚ˆ
4485,ã‚Šã‚“ã”èŒ¶ã‚“
4486,ETByaAcldmVv
4487,ãƒˆãƒ¨
4489,Shiki
4490,ã²ã§ãã‚…ã‚“â˜†
4491,NOBU@nomad
4492,AKIRA SASAKI
4493,HATA
4494,Olesia Karatsiuba
4495,å°æ± æ™ºå“‰
4497,ã‚ã•ã½ã‚“
4498,ä¹…é é¢¨å¤
4499,udan007
4500,TeraShutter
4501,å„ªé¦™
4502,Takaki
4503,ãªãŠã·ã‚Šã‚“
4504,ãƒ ãƒ©ã‚«ãƒŸãƒã‚µãƒ¦ã‚­
4505,ãŸã‘ã‚‹
4506,FUJI.
4508,ã‚·ãƒ§ãƒ¼ãƒ˜ã‚¤SKY
4509,aclab
4510,RYUJI YOTANI
4511,Studio-offi
4512,Yuuki/ã‚†ãã‚“ã“
4513,chisato
4514,Hiroshi Furukawa
4516,ã‚«ãƒŠã‚·ãƒŸ
4517,Lepekhina Viktoria
4518,nakatch
4519,katsu
4520,ãƒŠã‚¬ã‚¤ãƒ¨ãƒ¼ã‚¹ã‚±
4521,ç®±ã­ã“
4522,èŠ±ç¾-kami-
4523,çŒ«æˆ¸ãƒãƒ 
4524,ã¿ã•ã£ã¡ã‚ƒã‚“
4525,M*yam
4526,LlvQdIar
4527,ã„ ã— ã  ã• ã
4528,èŠ±ç€¬ã‚ã„ã‹
4529,mikity
4530,å²³  -T.Take-
4531,å¤§ç‹¼ã€€ãƒ¬ãƒ³
4532,ã‚ãƒ¼ãã‚“
4533,å¤§åœ°
4534,akkiy
4535,ryo
4536,çµ†
4537,Aihara
4538,404
4539,çŸ³å·ä¿å¥½
4540,@G
4541,é›«
4542,ã‚‚ã‚Šã¡ã‚ƒã‚“
4543,takanashi_niko
4544,MARIKO
4545,ã‚¹ãƒ†ãƒ©
4546,syuna
4547,å°æ‰ã‚†ã‚“
4548,taka
4549,ã¾ã£ãã™
4550,ã¨ã‚‚22
4551,DavidSciew
4552,rXwspSlRkx
4553,HectorLor
4554,Donaldfrurb
4555,Matthewton
4556,ã‚«ãƒ¡ãƒ©ã‚’ç‰‡æ‰‹ã«
4557,tomo
4558,ç´…éŸ³
4559,YAKKURU
4560,kazu
4561,PEPE(ã‚µãƒ¼ãƒãƒ«ã‚­ãƒ£ãƒ¡ãƒ©ãƒãƒ³)
4562,T a k a(60)
4563,ã‚ã“ã‰
4564,ã‚„ã£ã•ã‚“
4565,ã‚´ãƒ³ã‚¾ã‚¦
4566,YxyhusrEk
4567,PPK
4568,ã‚¤ãƒã‚¸ã‚²ãƒ³
4569,ç©‚ç© å †ç ‚
4570,ã‚¿ãƒ¼ãƒœãƒ¼
4571,Chammer
4572,hachi
4573,KOJI-KEN
4574,ã‚ˆã†ãã‚“
4575,hisato
4576,ã‚ãã›ã‚‹
4577,ISSIE
4578,ãªã¤ã„ã‚
4579,nai
4580,nai
4581,ã‚·ãƒ§ã‚¦ã‚«ã‚¯ãƒã‚¸ãƒ¡
4582,PENPEN
4583,ã¿ãƒ¼ã¤
4584,MiYABi
4585,B-Ron
4586,PhotoGrapherã€€ã—ã‚“ã¡ã‚ƒã‚“
4587,aaaaa
4588,shuji_ä¿®äºŒ
4589,ã‚ã‚
4590,Schtch
4591,ã‚„ã£ã•ã‚“
4592,ã“ãƒ¼ã¸ãƒ¼
4593,ãƒŒã‚¨
4594,vZtXLGbIpwgFAO
4595,ç©º
4596,ã‚±ã‚¤ã‚¿P
4597,æ˜å¤ªå¥½
4598,ã™ã¿ã‚Œ
4600,door
4601,asajie
4602,shiro
4603,ç¥æˆ¸è«’ä½‘
4604,jinjin
4605,HIRO1121R
4606,Asahi Sawada
4607,YUJI.O
4608,åŸ
4609,chrise171
4610,æœ‰æ –
4611,(ãƒ»uãƒ»)
4612,ã‚¸ãƒ¥ã‚¨ãƒ«ã•ã‚“
4613,Arisa
4614,ã‚€ã
4615,kREOvZJxQrGCdSb
4617,ã¾ã¤ãƒ­ã‚°
4618,ã¨ã‚Šã¨ã‚“
4619,monã¡ã‚ƒã‚“
4620,éŠ€ã•ã‚“
4621,ã‚ªãŒ
4622,èŠè‘‰ã‚¿ã‚±ãƒ«
4623,ã‚¹ã‚«ã‚¤
4624,ç“¶ã•ã‚“
4625,Dana78
4626,ãã‚€ã£ã¡
4627,å·¥è—¤ç§€ç´€
4628,hiro_photo69
4629,noa_photo
4630,ã¿ã‚“ãªã®ãªã‚ãŸã‚“
4632,R
4633,R
4634,FUMI
4635,T.Umikawa
4636,ãªã§ãƒPublicRelationsCompany
4637,TOMOHARU
4638,ã‚ã„
4639,ZOTTO
4640,MuRe
4641,å¤§å¡šé›…æ™´
4642,HIRO
4643,OAfpsLmBEUXK
4644,KiiYS
4645,å’²çµ¢
4646,kushi
4649,ãƒˆãƒ³ãƒŒãƒ©ç‹å­
4650,lahaaa
4651,å¤§éŸ³
4652,ã¨ã£ãã‚“
4653,æœ±
4654,Takashi
4655,ãƒãƒ‹ã‚‚ãˆã‹
4656,ã¨ã‚“ã˜ã‚ã†
4657,TH
4658,RYUJI.K
4660,Masato Miwa
4661,Pintgraph
4662,ã¯ã¨ãƒ¼ã‚Š
4663,åƒã¡ã‚ƒã‚“
4664,sks
4665,LUNA
4666,Ryow
4667,Beer cat'sá“šá˜á—¢
4668,Jack jin
4669,sayataka
4670,takuya kirihara
4671,kutikovapn
4672,ã¾ã“ã¡ã‚ƒã‚“
4673,wata
4674,ã‚±ãƒ³ãƒœãƒ¼
4675,FSbULutmJwZNPY
4676,atsujiro
4677,butineko
4678,ãŸã‹ã—
4679,Makoto Ishizuka
4680,mako
4681,ã‚„ãª
4682,ã‚«ãƒ¡çˆº
4683,Zen
4685,ã“ã¾ãŸã‚“
4686,ã‚¢ãƒ©ã‚¤ã‚°ãƒã¡ã‚ƒã‚“
4687,ãªã¤ã¿ã€‚
4688,chiro
4690,Hideyan
4691,ã‚‚ã“
4692,ã‚¦ãƒ¼ãƒ­ãƒ³
4693,RedBunny
4694,moroshi
4695,ã¿ã«ã¡ã‚“
4696,ã‚ã‚„ã­
4697,ã«ã—ã ã€‚ã€‚ã€‚
4698,ã‚ˆã­ã¯ã‚‹
4699,ãƒ–ãƒ¼ã‚¹ã‚«ãƒ»ãƒ–ãƒ¼
4700,ä¸ƒç€¬ã¾ã‚Šã‚
4701,ooxo
4702,test
4703,ç¿ 
4705,éœœæœˆã‚¸ãƒ§ãƒ¼ï½œJoe Shimotsuki
4706,ãƒ•ã‚£ãƒƒãƒˆ
4707,å‡›æ„›ã€€è¯
4708,JLG.Ohji
4709,KEIğŸ˜¼
4711,akihiro
4712,hissy
4713,cipher
4714,å’Œç”°ç…§è«’
4715,Y-model
4716,SKYLINE
4717,ãˆã‚“ã©ã†ã¾ã‚
4718,ã¯ã¾ã¡ã‚ƒã‚“
4719,Mii
4720,ã¨ãã©ã
4721,oZ
4722,K
4723,mclvexpkv
4724,AKIP
4725,å¤œçŸ¥
4726,åç„¡ã—
4727,YASUTAKE
4728,Tatsu80
4729,é¶´å±‹ç©ºå‰
4730,KENTA
4731,ã‚·ãƒ§ãƒ¼ã‚¿
4732,architecture/dailyfundamentals
4733,architecture/dailyfundamentals
4734,KnsKnsK
4735,ãƒ¦ãƒ‹ãƒãƒ¼ã‚µãƒªãƒ¼
4736,ãƒ¦ãƒ‹ãƒãƒ¼ã‚µãƒªãƒ¼
4737,knt
4738,ãƒ¦ãƒ‹ãƒãƒ¼ã‚µãƒªãƒ¼
4739,Derby
4740,ã»ãŸã‚‹âœ©.*Ëš
4741,ã“ãƒ¼ã ã„
4742,Katsu
4743,ã•ã‚†ã‚Š
4744,ã—ã‚‡ãƒ¼ãŸ
4745,miwa
4746,suzuhina
4747,CHA
4748,å·é«˜ä½‘çœŸ
4749,ã‚¢ãƒ¬ã‚¹ã‚¨ãƒªã‚¹
4750,ç”°ä¸­è£•å¿—
4751,å¤çŸ³è­²
4752,éˆ´æœ¨æ‹“ä¹Ÿ
4753,kuroneko
4754,YASUHIRO NOMURA
4755,ç†ç¾
4756,yu-ki
4757,è… ã²ã‚ˆã‚Š
4758,"T,Tagawa"
4759,ã‚ã¤ã—
4760,æ¤› | momiji
4761,coco
4762,misato
4763,chana
4764,Corvus
4765,æœ¨æ»‘ã²ã‹ã‚‹
4766,elly
4767,ãƒã‚¿
4768,ã‚·ãƒ£ãƒ çŒ«å¨˜
4770,GRAMPIXEL
4771,YUKIHIĞ¯O KAĞ˜AYAMA
4772,UTATANE
4773,finder_life_6120
4774,å¤§ç©º ã‚†ã…ã™ã‘
4775,ä¾‘è¯
4776,mitsuki
4777,ã‚ãŠã‚„
4778,takuma
4779,sky_japan_yasu
4780,æ¡œåº­ã¾ã‚†
4781,Tony
4782,shuca
4783,tomozy
4784,ã‚ãšã¿
4785,Blackbird
4786,Pata
4788,(ä¼èª¬ã®)ãŒãŠã¡ã‚ƒã‚“
4789,åµã‚¨ãƒª
4790,ã‚†ãã‚Šã‚“
4792,æ©‹æœ¬ã‚ã‚„ã‹
4793,å¤ç§‹ãªã¤
4794,ãŸã‹ã¿ã‚„ ã“ã†
4795,ãã®ã€€ã‚ã„ã‚Š
4797,ç‰‡æ¡ã€€æ„›ç¾…
4798,ï½¾ï¾… /Sena
4799,å°å±±å¥ç©º
4800,ç™½é›ªã²ãª
4801,Kiwa
4802,HARU
4803,ãˆã‚‚ã‚Šã‚‚ãˆ
4804,RUKA
4805,NonQ
4806,åç”°ã€€æ…ä¹Ÿ
4807,NANA
4808,SUZUNE
4809,Arisa
4810,èœ‚
4811,Kohei Hayashida
4812,ç¦ç”° ç³ğŸ‘€ğŸ¤
4813,æ®ºå‡¦åˆ†71
4814,ã†ã•ã¿ã‚ã¿
4815,kvmMYRjsIhQAVpF
4816,æœæ—¥å¥ˆã¾ãŠ
4817,Luz
4819,yuto
4820,éˆ´æœ¨å¶(kana suzuki)
4821,ã•ã‹ã¡
4822,GOGOHIROFUMI
4823,karin
4825,lush_camera
4826,ã¦ã‚“ã—ã‚‡ã†ã•ã‚“
4827,ãªã„ãªã„-å¥ˆå¥ˆ
4828,å¸‚å·åŒè‘‰
4830,è—¤å’²ãƒ¢ãƒ¢
4831,åˆ¹é‚£
4832,å¤©éŸ³ã†ã„
4833,ç‰åŸç¾æ¥
4834,ç§‹å±±æµ·æ˜¥
4835,æ¹–å²³èˆæŸš
4836,ç§‹å…ƒã‚‹ã„
4837,æ¡œäº•ã‚‰ã‚‰
4838,æŸŠ äº¬ç¾½
4840,æ—¥å‘ãªã¥ãª
4841,ç™½äº•ç¾æ­©
4842,å°äººæ‘ã¿ã‚†
4843,ä¸­å³¶ã•ã‚ˆã“
4844,æ¡ç”Ÿä¸ƒèœ
4845,ç¶¾å´ã‚Šã¤
4846,å¯æœˆæ‚ é‚£
4847,ã¯ã›ã¡ã‚ƒã‚“
4848,ãã‚‡ã†ã‹
4849,Reji_rock
4850,å°¾å½¢ã€€ä¸€è¯
4851,ã•ã„
4852,MANA
4854,neru
4855,æœæ¯”å¥ˆæ„›å¼¥
4856,å¹é›ª
4857,..zzZ (ã­ã‚€ã‚Š)
4858,yuriï¼ˆã‚†ã‚Šï¼‰
4859,N.ã‚†ã†ã˜
4860,ã‚ã•ã²
4861,Kitatan
4862,ã‚´ã‚¤ãƒãƒã‚µãƒ¤
4863,ãªã¤
4864,å— ã²ã‹ã‚‹
4865,ãƒ«ã‚¤ã‚º
4866,å¤¢ã€…
4867,ä¸€æèŠ±èœ
4868,9â„ƒ
4869,æ°´ç„¡æœˆã„ã¨
4870,FFXIV_NIN
4871,ã™ã±ã‚ãƒ¼
4872,Ryoma
4873,ã‚ã¾ã­
4874,çœŸã£ç™½
4875,èˆåŸ ãƒŸã‚­
4876,ç™½å·ã†ã¿
4877,è˜­
4878,ã˜ã‚…ã‚“ãƒšã‚½
4879,ææ¨¹å®
4880,è¡£æ¡œã½ã·ã‚Š
4881,é«˜æ¨¹ã¾ã„ã“
4882,ãƒªã‚ª
4883,HIROSHI
4884,ç¶¿é‡ã€€ãƒãƒŠ
4885,kei
4886,å¾¡å­æŸ´ã¿ã‚†
4888,ãªã‚‰ã‚‚ã¨ã‹ãšã‚„
4889,ã‚ãŸãªã¹ã˜ã‚“
4890,ã™ãš
4891,yukappletea
4892,Hideki Hiraga
4894,Shogo
4895,ã‚Šã¿ã‚„ ã‚ã  -é‡Œå®® ç§‹-
4896,ã‚Šã¿ã‚„ ã‚ã  -é‡Œå®® ç§‹-
4897,ã¦ã‚‰ã¬
4898,ã‚¢ãƒªã‚µ
4899,KANA PHOTOGRAPHH
4900,ãƒã‚·ãƒ¢ãƒˆãƒ¡ãƒ­
4901,Hisa
4902,ã‚µã‚¤ãƒˆ
4903,Sayakaâ˜†
4904,ã¿ã‚Œã„
4905,æ³¢è°·æŸšå¸Œ
4906,éŒç”°ã‚ã‚Šã•
4907,Ryosuke
4908,å»£ç€¬é›…
4909,é›ªéŸ³ã¾ã‚Šãª
4910,ã‹ãš
4912,k0h_shi
4913,é•·è°·å·ã‚ãã®
4914,ä»²å·ã—ãŠã‚Š
4915,alice
4916,yo
4917,ã¡ã‚ƒã„
4918,åŒ¡
4919,ãƒ¦ã‚¦ã‚¹ã‚±
4920,ãƒŸãƒ©ã‚¤
4921,åˆéŸ³
4922,å°æ¹Šã™ã¿ã‚Œ
4923,ã¨ã®ã¾
4924,hanari
4925,è¡£ç¹”
4926,T6
4927,ç²ã€‚
4928,å½©å€‰ã¾ã‚Šãª
4929,ã‚†ã£ã´
4930,ã‚»ã‚¤ãƒŠ
4931,ã“ãã¾
4932,ç€¬æˆ¸ã‚Šã¤
4933,ã©ã‚‰ã™ã‘ã€‚
4934,æœ‰ç¾å­
4935,ãƒãƒãƒ¼
4936,MasA
4937,ã‚†ã£ããƒ¼
4938,ã“ã‚“ã”
4939,åå– ã‚¨ãƒŸã‚¤
4940,Mai
4941,ã—ã„ãŸã†ã•ã
4942,TADASHI
4943,ä»Šå¤œã‚‚ã‚«ãƒ•ã‚§ã‚ªãƒ¬
4944,ã‚ãŠã„
4945,lush_camera
4946,riho
4948,ç†Šåˆ‡é€¹ä¹Ÿ
4949,Eiji the beat
4950,Eiji the beat
4951,å¤•éœ§
4952,ã‚Šã‚…ã†ãã‚“
4953,â„ğ•šğ•„ğ•’
4955,k
4956,ayumi D
4957,"Kemal ""ãã¾"""
4958,ã¾ãã¼
4959,ã‹ãšã‹ãš
4960,nanananav
4961,ã„ã¡ã€œichiã€œ
4963,ã¾ã‚Šã‚…ãƒ¼
4964,å®‰è—¤ã¿ãªã¿
4965,FujitaYasunobu
4966,ç”±è¨˜ yuki
4967,JimVot
4968,VqpxTPUKSDfzNMvJ
4969,COZYã‚³ã‚¸ãƒ
4970,ponkichi
4971,JimVot
4972,Mariko
4973,ã‚ã‚Šã•
4974,popo
4975,noa
4976,ã‚ˆã£ã•ã‚“
4977,RYOSUKE KUWAHARA
4978,ä»¤å¥ˆ
4979,ç–æ¥¼
4980,ã»ã‚Šã‚ã‚ã‚“
4981,yamazakiphoto
4982,takag509
4983,ç¬
4984,Tetsu
4985,JimVot
4986,ãªã¿ã¸ã€œ
4987,ãªã¿ã¸ã€œ
4988,ä½è—¤ãŠã¨
4989,ã‚¯ãƒ­ãƒã‚³
4990,ã ã„ã™Ke
4991,himatrou
4993,å¹³å¡šã€€èŒ‚æ¨¹
4994,ãã‚“ã›ãƒ¼
4995,ã•ã£ãã‚“ï¼
4996,çœŸå¤ã®é›ªã ã‚‹ã¾
4998,éˆ´äºº(Rihito)
4999,ITO@michinoku
5000,ãƒ•ã‚§ã‚¤ã‚¹ãƒ¬ã‚¹
5001,Camera No Kitamura
5002,Chris
5003,å¹³é–“ã€€æ•¦
5004,SHiN
5005,hiro_happylife777
5006,TYOBEO808
5007,yotsuba
5008,HIRO
5009,HIRO
5010,marina
5011,é»’ç”°éº»è¡£
5012,T
5013,ãƒ¨ãƒƒã¡ã‚ƒã‚“
5014,Jinzo
5015,ranka_KY
5016,Den
5017,ãƒãƒ³ãƒ‡ãƒ«
5018,YDK
5019,ç´…éº—
5020,tokoro
5021,çœŸå¤œ
5022,å°é¦¬è°·å„ªä»‹
5023,Kurageæœ¬èˆ—
5024,NATSUMI
5025,é›ªç™½ ã‚ãã¿
5026,æ¦Šå¥å¤ª
5027,æ¦Šå¥å¤ª
5028,éº»ç—º
5029,JesasdfsseCucky
5030,Keiko Aoi
5031,ã‚¿ãƒ³ã‚¯
5032,shinoLEMON
5033,ã¸ã‚ˆãµã‰ã¨
5034,teru
5035,Jun
5037,worie
5038,cafe.gram1
5039,hokuto
5040,ãŠã ã­ã­ã“
5041,An
5042,monolith04
5043,hiiro
5044,Kenichi.wiz
5046,ç¥è°·é›„
5047,æ¬£æ™ƒ-yoshiaki-
5048,hana
5049,æ·±å±±ã‹ã®
5050,yasukichii
5051,ã‹ãˆãŸã‚ã†
5052,dai
5053,Nami
5054,é«˜é‡ å¥å¤§
5055,æ°´éŠ€
5056,ãŸãã‚„ã‚“
5057,KAZUKI HARADA
5058,ã¤ãã¿
5060,ã“ã¨ã¿ã‚„
5061,ZkQIXoKTm
5062,ç¥ç¥­ã‚¢ãƒŸ
5063,æ¸šã®ã‚“
5065,Watagashi
5066,Massu410
5068,ã‚†ã„@å§—å§—æ¥è¿Ÿ
5069,ã—ã‚‰ãŸã¾
5070,Amamiya Haruka
5071,Azertmap
5072,Azertmap
5073,æ‘é‡ãªãªã›
5074,æ”¿
5076,Ma-Kun
5077,ã¤ãŒã‚‹
5078,sunlight
5079,miho
5080,ç¾½é‡ãµã†ãª
5081,ã‚
5082,shikimi
5083,å…‰ç”Ÿæ°
5084,ã‹ãŸãã‚Šã¨ãŠã‚„
5085,ãƒ¨ãƒ¨ã‚¤ã®ãƒ¨ã‚¤â•
5086,å’Œèœ
5087,kerker0utput
5088,ç¾½é‡ãµã†ãª
5089,é»’å’²ã‚Šã‚Š
5090,ãŸã‚ã•ã¾ğŸŒ™
5091,MTWtXxFkl
5093,ã—ã‚‰ã´ã‚‡ã‚“
5094,ã‚„ã•ã¡ã‚“
5095,BIRDSUZUKI
5096,ã¡ã‚‡ã‚ã™ã€‚
5097,éƒ½æ™´ä¹
5098,ã‚€ãƒ¼
5099,ãƒˆãƒ‰ãƒ¡
5100,ton
5101,ã‹ã‚ã‚‰ã£ãã¾
5103,hebigarasan
5104,AO13A
5105,TOMO
5106,ã„ã‘ã¾
5107,MOCCHY (ã‚‚ã£ã¡ãƒ¼)
5108,worldescortspage
5109,ã—ã†
5110,atsushi
5111,ã‚„ã¾ã‘ã‚“
5112,æœˆè‰²
5114,KENJI KAJIMOTO
5115,ABchan
5117,ãŠãŠãŸã«
5118,ãŠãŠãŸã«
5119,ã²ã‚ã‚€ã‚“
5120,è’¼ãã‚‰ã’
5121,Sat Matsumoto
5122,Kame_Photos
5123,Zaki
5124,aiiro
5125,Enjoji Taku
5126,é¬¼æ¡œ
5127,ã‹ãŠã‚‹
5128,foa
5129,ã‹ã‚
5130,ã›ã‚‰
5131,u1mine
5132,é‡‘æ¾¤ç§€å“²
5133,andyllEa
5134,hrs
5135,Josezins
5136,neco
5137,rinahamu
5138,ç¨²æ¾æ‚ å¤ª
5139,é•·è°·éƒ¨å½©
5140,Mikefluts
5141,ã‚¢ãƒ‹ã‚¹
5142,Ichiryu
5143,zungrimukkuri
5144,ã“ã†ã¡ã‚ƒã‚“â­OMD&Î±
5145,Kohsuke
5146,Wai
5147,mÎ±mÑ‘sorÎ±
5148,Kathrynwhore
5149,ãƒ›ãƒªãƒˆãƒ¢ãƒ’ãƒ­
5150,é»’ç„¡
5151,andyllEa
5152,Taka
5153,ã¾ã‹ã‚ã‚“
5154,ãã¿ã‹ãš
5155,JamesAbulp
5156,_crane_
5157,kurou
5158,ãƒ¬ã‚¿ã‚¹
5159,YoshikazuChika
5160,TREK
5161,ã—ã‚ã‚ãŒã­
5163,tosama
5164,marsillpost
5166,ãƒ¢ãƒã‚¯ãƒ­
5167,TYS
5168,tommy1
5169,syoji yamamoto
5170,Roberti
5172,ã¦ã£ã¡ã‚“
5173,é£´å¤œ è‘‰è”µ
5174,æ’®å½±ãŠã˜ã•ã‚“
5175,andyllEa
5176,æ’®å½±ãŠã˜ã•ã‚“
5177,AKIRA ISHII
5179,worldescortshub
5181,è—¤ãƒ°
5182,hige
5183,å¼“
5184,noctone13
5186,Door4Square
5187,asa
5188,yuka
5189,T.K
5190,Kousuke Izumi
5191,æºç•‘å¹¸å¸Œ
5192,ANS.
5193,é¢¨éŸ³
5194,Floyd FloLeo
5196,éˆ´æœ¨
5197,ã‚ã‚„ãª
5198,RaymondPreep
5199,ãµã²ã¨
5200,teru
5202,Tsuka Schatz
5203,ã¹ã£ã¡ã‚ƒã‚“
5204,ãƒã‚ªãƒã‚ª / å¤§é‡ã€€æ•ç¾æ™º
5205,ã‚ã—ã¿ã‚“
5206,Netflixlmap
5207,ãªã„ã
5208,terumin
5209,ãªã„ã
5210,Naoki Maruyama
5211,Naoki Maruyama
5212,tanpopo
5213,taka4
5214,mitsuru
5215,Bobbyanace
5216,hicka
5217,toyoZo
5218,popo
5219,maslerk1
5220,Howardambup
5221,ä½ç«¹ãƒŸãƒ„ãƒ²
5222,se7a.
5223,ã¾ãª
5224,KANA PHOTOGRAPHH
5225,Samueljoymn
5226,ãƒã‚³ãƒƒãƒ„
5227,ã‚ã¹ã£ã¡
5228,ãŒã£ã¡ã‚ƒã‚“
5229,å°æ—ã‚†ã„
5230,ã«ã—ãªã‚“
5231,yuna
5232,Kellytop
5233,SHIGEO HAYAKAWA
5234,Benitolip
5235,SusanAvoic
5236,è°·å£å‡œ
5237,kazu
5238,ãƒ•ãƒ«ãƒãƒƒã‚·ãƒ¼
5239,bngvcgfskj
5240,redmi
5241,CHIHIRO
5242,ä¸­å±±
5244,lebel24
5245,fawnmw
5246,K.LAW Photography
5247,ã‚†ãšã‚Šã¯
5248,ã•ã¨ã—
5249,VUntcowWaRAjpbE
5250,ã„ã•
5251,ãµã¨ã—
5252,ghkjc4456
5253,ã‚³ãƒ¤ãƒãƒŠãƒ„ãƒŸ
5254,ä»²è°· è‘µ
5255,ã‚µã‚«ãƒ¢ãƒˆã€€ãƒ¤ã‚¹ãƒãƒª
5256,éº—æ„›ãªã
5257,Chanshi_Chanssie
5258,ã‚ã‹ã•ã¾
5259,Bittebr1
5260,Bittebr2
5261,æ³¢
5262,Bitte
5263,Amaou
5264,shoji
5265,ã‚¨ ã‚¾ã‚·ã‚«
5267,ç–å¤¢
5268,MARI
5269,ã™ãã¾
5270,æ°´è‰²09
5271,ããƒ¼ã˜ã¾ã€€ã‚ã¤ã—
5272,çœŸäººé–“ã‹ã»ã‚Š
5273,Tomoki.
5274,Saa
5275,Bittebr2
5277,åŒ 
5278,Leo
5279,ç¾½é¦™
5280,ã™â†ã•ã‚“
5281,taka
5282,å¤§åœ°
5283,chiiro
5284,ã‚¨ãƒªãƒƒã‚¯
5285,ã‘ã‚“ã‘ã‚“
5286,aotoro
5287,d5photo
5288,Yutampo
5289,æ¤
5290,myk-photo
5291,Claudislot
5292,WillieSed
5293,rfg
5294,ã‚¬ã‚¦ãƒ
5295,Ashleislot
5296,Suntiniwat Pattanawit
5297,yohsuke_isomura
5298,ys-note
5299,Karenglymn
5300,ãã‚Š
5301,Â©ï¸ra2y
5302,Karenglymn
5303,Karenglymn
5304,RieMito
5305,ã ã„
5307,kai
5308,akira.cake
5309,ã‚†ãã®
5310,ãŸãªã‹ï¼ˆä»®)
5311,CGCORE
5312,å’Œè‰
5313,akisuke-ç”Ÿæ¶¯ä¿®è¡Œä¸­
5314,yukiko takatsuna
5315,Dan
5316,ã ï½ã¯ã‚‰
5317,shinya hisanaga
5318,Kanka
5319,ã©ã‚“
5320,WilliamElera
5321,sir_BofG-Gov
5322,Mizutani Yuji
5324,KAREN
5325,qlalf
5326,ã†ãˆã•ã‚“
5327,urGtwXVZKbY
5328,ï¼­ï¼¡ï¼«ï¼¯ï¼´ï¼¯
5329,ãƒ—ãƒ¼ã‚®ãƒ¼fm
5330,veloljog
5331,yuka
5332,hasumi
5333,A
5334,å‡ª ãƒ¦ã‚¦ãƒˆ
5335,goviest
5336,ã™ãšãˆã‚Šã‚
5337,ç¾å’²
5338,ãƒŸã‚­ãƒ†ã‚£ã€‚
5339,MÃ¤rz Lilie
5340,ROMANTICA
5341,r.tisse
5342,r.tisse
5343,ã‚ŒãŠã¨ã‚“
5344,Evelyngax
5345,ãƒ¯ã‚±
5347,T.S. photoworks
5348,ç”°ä¸­ æ˜­ä¸€
5349,Evelyngax
5350,ãƒ©ãƒãƒ¼ãƒ«
5351,äº”åå…­
5353,imasyuu
5354,Evelyngax
5355,ã½ã“ãŸ
5356,ãŒã¿ã£ãã™
5357,Shannonspisa
5358,cap
5359,dimasdw
5360,ktXqnDAIYB
5361,æœ¨ä¹ƒã¤ã‹ã•
5362,ãŸã‹ã¡ãƒ
5363,ã“ã‚“ã¡ã‚ƒã‚“
5364,ã²ã‚‰ã™ã‘
5365,Babatu
5366,ãƒ¡ã‚¬
5367,kagokome
5368,Joe.S
5369,lsab83333
5370,kossmoss
5371,s.hotography
5372,æ©˜ ã‚¨ãƒ
5373,Lulu  ãƒ«ãƒ«
5374,ã¨ã‚“ã‹ã¤
5375,Yagies Coffee
5376,ã¯ã„ã±ã@ã”ãä¸€éƒ¨ã§åŒ—æ–
5377,DavidGar
5378,å¾³é‡é¾å¾³
5379,ãŒã
5380,Shintaro_1985
5381,morimoooo
5382,andyllEa
5383,FS
5384,troume
5385,brown
5386,å‰å·ã‹ã®ã‚“
5387,yurie
5388,Booska
5389,misane
5390,tCfoaUvZ
5391,matsu_toshi
5392,asgl83776
5394,ã•ã‚ã£ã¡
5395,d_kihara
5396,ã„ã‚‚ã¡ã‚ƒã‚“
5397,Kaguyah Mandalia
5398,äºŒéšå ‚ è«’
5399,simizar
5400,GHusoxFrLmf
5401,ãƒ˜ã‚¤ã‚ºR/W
5402,ã‚†ã†
5403,Spencerica09174
5404,HIDE
5405,ã‚½ãƒ«ãƒˆ
5406,TSUBASA712
5407,ï½»ï½¶ï¾€ï¾‰ ï½¹ï½²
5408,lnzaERWTSOVpUj
5409,ã‚¸ã‚¸
5410,LeighaImpew
5411,tar
5412,SPiCE
5413,ã¯ã‚Š
5414,ï¾ˆï½ºï¾‰ï¾’
5415,yuuka
5416,ã‚Šã‚“ã”
5417,è¾»æ‘çµ‹
5418,LBfkdIRoHrvNOG
5419,ãƒ¤ãƒãƒ¤ã‚¹3
5420,Hå›
5421,æ·±æœˆã­ã‚€
5422,â˜ªï¸*Â°.*â‹† ï½°Lunaï½°
5423,hiro
5424,Ikuo Yonekawa
5425,MURATA
5426,mako
5427,ã¿ã‚Šã‚“
5428,é‡‘æ¾¤ç€ç‰©æ„›éƒ¨
5429,Michihisa Okada
5430,Masaki@Photo
5431,ä»”é¦¬æ´‹å“åº—
5432,kino
5433,ã‚€ã‚ã‘ã•ã‚“
5434,poponpo
5435,eriiiiiiiita
5436,MichaelTib
5437,tomato
5438,services
5439,ã¿ã£ãŸã‚“
5440,ulspilcatra
5441,KUMIKO
5442,æ¤é‚£
5446,FrankieGen
5447,HORI
5448,æµ·å£ å¤ªéƒ
5449,ãŸã‚ï½
5450,sirius.hikaru
5451,Ken_photo
5452,ãã‚‹ã¿
5453,Takatan
5454,ã‚±ãƒ³
5455,PPilliamDic
5456,monicajSr
5457,ag
5458,Nao
5459,ç¾å‘³
5460,Hiro
5461,Auglish
5462,Sato Ma
5464,Nonky Photo
5465,fridayy
5466,å‡›â˜…ã€‚
5467,å‡›â˜…ã€‚Rien_Sei
5468,Jaameby
5469,Tokyogirl
5470,Mel.yukina
5471,ã•ã¡ã“
5472,Waykek
5473,ãªã‚“ã“
5474,masaki goda
5475,tavito_works
5476,yui
5477,Davidjoulp
5478,ã‘ãƒ¼ã‘
5479,ãƒ¢ãƒ‹ã‚«
5481,Naoya
5482,Yukio
5483,Robeglups
5484,ãƒŸãƒ¤ãƒ¢ãƒˆã‚­ãƒ§ã‚¦ãƒ˜ã‚¤
5485,EddieKaw
5486,oo_yang
5487,ã‚ã‚“ã©ã‚Œ
5488,ã‚ã‹ã‚Š
5489,CesarPorie
5490,ã¿ã‚…ã˜ã«ãƒ¼
5491,cozy
5492,nico
5493,MichaelExape
5494,DanielGef
5495,datafastproxiespx01
5496,äººè¦‹åºƒä»‹
5497,CHIKA
5498,DarrellciB
5499,icjlUZrhxd
5500,è¯
5501,Suzie
5502,å°å· æ­£ç¾
5503,ãƒãƒƒã‚­ãƒ¼
5504,gPaUdXcuzhfrxT
5505,Toki
5506,ãƒ€ãƒ¼ã‚¯
5507,orangecarphuket.com
5508,ãã‚‰
5509,Warsawpierm
5510,ã‚ˆã£ã—ãƒ
5511,air
5512,ã¦ã„ã‹ãƒ¼ã¨
5514,ã‚„ã™
5515,å–ªé»’é›¨é€ ï¼å¤–æ˜Ÿäººãƒ¢ã‚°ãƒ­
5516,maximllEa
5517,Glennlit
5518,MIKAN
5519,fuga
5520,Hashi
5521,Ralphtrurb
5522,è‘‰æœˆ ç´”
5523,Moeko Suzuki
5524,XyampiZdecquedy
5525,Hikari Green
5526,Lena
5527,æ—©ä¹™å¥³æ¡ƒè¯
5528,ã‚ªãƒ‡ã¯ã¡
5529,Masaki.H
5530,Motocyan
5531,ã‚†ãã†ã•ã
5532,maximllEa
5533,PeerrcyLiarp
5534,é€²æ’ƒã®ã¾ã‚Šã‚Šã‚“
5535,ã‚Šã‚ã‚“
5536,MinnieVef
5537,ã¾ã‚‹ãŸã‚“
5538,ãƒˆãƒãƒª
5539,19 BLUES
5540,MinnieVef
5541,ã¿ã
5542,WilliamAlgor
5543,teppei_suzuki_photo
5544,KennethTeeds
5545,TrVtXNouEqByj
5546,ã´ã‚ãƒ¼
5547,ã‚¯ãƒƒã‚­ãƒ¼
5548,M-N-S
5549,toshi007
5550,Lukas
5551,æ„›è‰
5552,Hitomi PHOTO
5553,F.kazuto
5554,ã½ã«ã‚ƒã‚“ã“
5555,Firumu by Tri
5556,nekogesaku
5557,maximllEa
5558,metalsigns
5559,å¤§å· ç”±è²´
5560,singaporeescort
5561,valeriast1
5562,yossithaboi
5564,ãƒãƒ¼ã‚·ãƒ¼
5565,Georgevom
5566,æœˆ
5567,JamesdrotO
5568,masahiko.sato
5569,SHOW
5570,StevenAMipt
5571,theballettheatre
5572,Reijiro
5573,yohei
5574,Nathanbok
5576,çœŸæ‚ 
5577,DavDeP
5578,Vivi
5579,ç¶¾é‡ä¹ƒæ„›
5580,Snu77pierm
5581,TAKE3 (ã‚¿ã‚±)
5582,ã¼ã£ã¡
5583,masonwilson
5585,ã•ã–ã³ã„
5586,Bridgetren
5587,Aquaâ˜†
5588,ã¯ã‚‹å·»ã
5589,stone_portrait
5590,Bridgetren
5591,ã ã„ã¡ã‚ƒã‚“
5592,glanz.KaE
5593,Kana
5594,ã“ã°ã•ã‚“
5595,å¾¡ç‡ˆ
5596,ã‚‚ã‹
5597,ã‚€ã“
5598,Sumire
5599,ã‹ãƒ¼ã‚Šãƒ¼
5600,vCIYnENpcLArUh
5601,Ur keen -ã‚†ã‚ã-
5602,Minmin
5603,ã‚‚ã‚‚ãŸã‚ã†
5604,ã¯ã¡ã‚‡ã“ï¼ FK7
5605,Takahiro.I
5607,cokihot
5608,maximllEa
5609,ãŠã•ã‚‹ã•ã‚“
5610,Narumi
5611,ã‚ˆã—ãã‚ˆ
5612,TAD
5613,PztsTRkJ
5614,YvetteSUirl
5615,èŒ‰è‰èŠ±
5616,Michailvry
5617,tohol
5618,Tetsuji Noguchi
5619,ã¾ãªã‹
5620,wokamo
5621,ãŠæ¤€
5622,Michailgnt
5623,ã»ã‚“ã 
5624,935
5625,YvetteSUirl
5626,AlfredsIb
5627,Sally_mod
5628,rina
5629,kiemeo
5630,TAISAN
5631,é•·å°¾ ã²ãª
5632,Jaymeglype
5633,ç¬ äº•å¤§è¼”
5634,Michaltrexy
5635,Jaymeglype
5636,é–€æ¾æ¡ƒæ°¸
5637,ã‚ˆãƒ¼ã“
5638,crannel001
5639,KristenCaf
5640,å’Œé¦™èœ
5641,ã‚¢ãƒ©ã‚­ ã‚¨ã‚¤ãƒ†ãƒ„
5642,maximllEa
5643,ã“ã„ã¡ã‚ƒã‚“
5644,lily
5645,Tomdes
5646,ã‚Šã‚‡ã€œ
5647,å°å’²ã•ã¡
5648,Denisdecor
5649,ãŸã¾
5650,å’Œé¢¨ãƒã‚¯ãƒ€ãƒ‹ã‚¨ãƒ«
5651,Takayuki Sakai
5652,Taku.t
5653,Bridgetren
5654,Tanaka
5655,eODhGnwrPyg
5656,Bridgetren
5657,å‚äº•ãƒ’ãƒ‡ã‚ª
5658,èŠ±åã‚Šã‚
5659,SPiCE
5660,NAYA
5661,ã“ã‚‚ã‚Œã³ã‚‚ã‹
5662,888companions
5663,ãƒ¡ã‚¤ã‚¸
5664,BR1203
5665,ãŸãªã†ã•
5666,ãˆã‚€ã²ã“
5667,Cody_sugi(ã“ãƒ¼ã§ãƒ)
5668,ã‚¿ãƒ‹ã‚°ãƒã‚µãƒ³
5669,vmax
5670,ãŸã£ã¡ã‚“
5671,KristenCaf
5672,T.Takimoto (ãŸã£ããƒ¼ï¼‰
5673,ICHI
5674,ãƒ•ã‚§ãƒ³ãƒãƒ«
5675,ãƒ¦ãƒ³
5676,Suzannetup
5677,ã‘ãƒ¼ã¿
5678,ã‚¿ã‚«ãƒã‚·