応募番号,ジャンル
1,創作
2,ストリート＆スナップ
3,創作
4,創作
5,創作
6,ファッション＆ビューティー
7,ストリート＆スナップ
8,創作
9,ファッション＆ビューティー
10,ストリート＆スナップ
11,グラビア
12,コスプレ
18,その他
27,ジャンルなし
34,ファッション＆ビューティー
43,ファッション＆ビューティー
70,ストリート＆スナップ
71,ストリート＆スナップ
72,ジャンルなし
73,ストリート＆スナップ
74,ジャンルなし
75,創作
80,ジャンルなし
83,創作
84,ストリート＆スナップ
85,ジャンルなし
86,ファッション＆ビューティー
87,ストリート＆スナップ
88,ジャンルなし
89,ファッション＆ビューティー
90,ファッション＆ビューティー
91,ジャンルなし
106,ジャンルなし
107,創作
108,ジャンルなし
109,ジャンルなし
110,その他
111,ファッション＆ビューティー
112,創作
113,ファッション＆ビューティー
114,ファッション＆ビューティー
115,ストリート＆スナップ
118,ジャンルなし
119,ジャンルなし
120,ジャンルなし
121,創作
123,ジャンルなし
126,ジャンルなし
128,コスプレ
132,フェティッシュ
134,ストリート＆スナップ
135,創作
137,ジャンルなし
138,ストリート＆スナップ
143,ジャンルなし
154,ジャンルなし
155,ファッション＆ビューティー
156,ストリート＆スナップ
157,創作
159,創作
160,創作
161,その他
162,ストリート＆スナップ
173,ファッション＆ビューティー
180,創作
183,ストリート＆スナップ
185,その他
202,創作
203,創作
204,ストリート＆スナップ
207,ジャンルなし
209,その他
211,ジャンルなし
212,ジャンルなし
213,ジャンルなし
216,ジャンルなし
220,ファッション＆ビューティー
222,ジャンルなし
225,ジャンルなし
227,ファッション＆ビューティー
230,その他
231,ファッション＆ビューティー
232,コスプレ
238,その他
259,ジャンルなし
260,ジャンルなし
262,創作
271,ジャンルなし
273,ファッション＆ビューティー
277,ファッション＆ビューティー
278,ジャンルなし
288,ジャンルなし
294,ジャンルなし
297,ファッション＆ビューティー
298,ストリート＆スナップ
299,ジャンルなし
301,創作
302,ジャンルなし
303,ストリート＆スナップ
304,ジャンルなし
305,ジャンルなし
320,創作
321,ジャンルなし
322,ジャンルなし
323,ジャンルなし
324,創作
326,ジャンルなし
327,ジャンルなし
328,ファッション＆ビューティー
334,ファッション＆ビューティー
335,ジャンルなし
336,ファッション＆ビューティー
337,創作
338,ジャンルなし
339,ジャンルなし
340,ジャンルなし
348,ストリート＆スナップ
357,創作
361,ジャンルなし
380,ジャンルなし
382,その他
383,創作
385,ファッション＆ビューティー
388,ファッション＆ビューティー
394,ジャンルなし
395,創作
396,ジャンルなし
397,ジャンルなし
400,ストリート＆スナップ
402,ストリート＆スナップ
405,ジャンルなし
414,ジャンルなし
433,創作
434,創作
435,ファッション＆ビューティー
459,ジャンルなし
460,創作
461,創作
462,ストリート＆スナップ
463,ジャンルなし
466,ジャンルなし
468,ジャンルなし
469,創作
485,ストリート＆スナップ
488,ファッション＆ビューティー
493,ストリート＆スナップ
496,ストリート＆スナップ
502,ジャンルなし
504,創作
508,ファッション＆ビューティー
529,創作
530,創作
531,ファッション＆ビューティー
532,ファッション＆ビューティー
533,創作
542,創作
545,ジャンルなし
547,その他
548,創作
549,創作
552,ジャンルなし
554,創作
557,創作
569,ファッション＆ビューティー
570,創作
576,ジャンルなし
594,グラビア
611,ストリート＆スナップ
616,ストリート＆スナップ
618,ジャンルなし
630,ジャンルなし
663,ジャンルなし
666,創作
669,ジャンルなし
670,ストリート＆スナップ
671,ファッション＆ビューティー
672,ファッション＆ビューティー
673,ジャンルなし
674,創作
675,ジャンルなし
690,ファッション＆ビューティー
694,ファッション＆ビューティー
696,ファッション＆ビューティー
700,ジャンルなし
703,ジャンルなし
705,ジャンルなし
713,ジャンルなし
716,ジャンルなし
717,ジャンルなし
721,創作
722,ジャンルなし
723,ジャンルなし
729,ファッション＆ビューティー
732,創作
745,ジャンルなし
749,ストリート＆スナップ
756,ジャンルなし
761,ファッション＆ビューティー
767,ジャンルなし
768,ジャンルなし
781,ジャンルなし
785,ファッション＆ビューティー
787,ジャンルなし
789,ジャンルなし
794,ジャンルなし
795,ストリート＆スナップ
798,ジャンルなし
803,ファッション＆ビューティー
805,ジャンルなし
806,ジャンルなし
807,ジャンルなし
808,創作
810,ファッション＆ビューティー
811,創作
820,ジャンルなし
822,ファッション＆ビューティー
835,ジャンルなし
840,ジャンルなし
846,ファッション＆ビューティー
865,ジャンルなし
878,ストリート＆スナップ
893,ファッション＆ビューティー
895,グラビア
904,ストリート＆スナップ
937,創作
939,コスプレ
941,ジャンルなし
942,ストリート＆スナップ
945,ファッション＆ビューティー
946,ジャンルなし
947,ストリート＆スナップ
953,ジャンルなし
960,ジャンルなし
961,創作
963,ファッション＆ビューティー
969,ストリート＆スナップ
975,ジャンルなし
1002,ファッション＆ビューティー
1007,ジャンルなし
1008,創作
1010,ジャンルなし
1011,創作
1020,ジャンルなし
1022,ストリート＆スナップ
1024,創作
1025,創作
1032,ストリート＆スナップ
1034,ファッション＆ビューティー
1054,ジャンルなし
1069,創作
1071,ファッション＆ビューティー
1082,ジャンルなし
1083,ジャンルなし
1084,ストリート＆スナップ
1085,ジャンルなし
1086,ストリート＆スナップ
1087,ジャンルなし
1088,ジャンルなし
1112,創作
1113,創作
1121,創作
1125,ジャンルなし
1126,ジャンルなし
1128,ジャンルなし
1135,ストリート＆スナップ
1136,創作
1143,創作
1144,ファッション＆ビューティー
1154,ジャンルなし
1164,創作
1165,ファッション＆ビューティー
1169,ファッション＆ビューティー
1181,その他
1188,ジャンルなし
1202,創作
1205,グラビア
1220,ジャンルなし
1222,ジャンルなし
1247,ジャンルなし
1256,ジャンルなし
1257,ジャンルなし
1258,ジャンルなし
1259,創作
1260,ジャンルなし
1264,ジャンルなし
1267,創作
1275,ファッション＆ビューティー
1276,ジャンルなし
1277,創作
1278,創作
1311,ジャンルなし
1328,創作
1333,ファッション＆ビューティー
1338,ファッション＆ビューティー
1343,ジャンルなし
1345,ジャンルなし
1346,ファッション＆ビューティー
1358,ファッション＆ビューティー
1370,ジャンルなし
1373,ジャンルなし
1381,ジャンルなし
1383,ジャンルなし
1385,ファッション＆ビューティー
1387,ファッション＆ビューティー
1388,創作
1393,ファッション＆ビューティー
1394,ファッション＆ビューティー
1400,ジャンルなし
1404,ジャンルなし
1415,ジャンルなし
1427,ストリート＆スナップ
1428,創作
1452,ファッション＆ビューティー
1453,ジャンルなし
1457,創作
1462,創作
1465,ジャンルなし
1466,ジャンルなし
1467,創作
1468,ストリート＆スナップ
1469,ファッション＆ビューティー
1474,グラビア
1485,創作
1486,ファッション＆ビューティー
1494,ジャンルなし
1500,創作
1501,ストリート＆スナップ
1508,ジャンルなし
1511,その他
1512,ジャンルなし
1522,ジャンルなし
1531,ジャンルなし
1535,ジャンルなし
1539,創作
1574,ジャンルなし
1623,ジャンルなし
1630,その他
1649,ストリート＆スナップ
1650,ジャンルなし
1651,ストリート＆スナップ
1657,創作
1663,ストリート＆スナップ
1666,ストリート＆スナップ
1667,ジャンルなし
1668,ファッション＆ビューティー
1669,その他
1673,ジャンルなし
1695,創作
1698,ジャンルなし
1702,ファッション＆ビューティー
1716,創作
1718,その他
1719,ファッション＆ビューティー
1720,ジャンルなし
1731,ジャンルなし
1734,ストリート＆スナップ
1737,創作
1746,創作
1756,ジャンルなし
1762,ジャンルなし
1764,創作
1771,創作
1779,ジャンルなし
1784,ジャンルなし
1796,ジャンルなし
1803,その他
1810,ジャンルなし
1821,ジャンルなし
1829,グラビア
1848,ジャンルなし
1851,ファッション＆ビューティー
1853,ファッション＆ビューティー
1855,ファッション＆ビューティー
1872,創作
1874,創作
1879,ジャンルなし
1883,ファッション＆ビューティー
1902,創作
1910,創作
1912,ジャンルなし
1915,ジャンルなし
1936,創作
1937,ファッション＆ビューティー
1947,ジャンルなし
1948,グラビア
1949,ジャンルなし
1951,創作
1953,ジャンルなし
1954,ファッション＆ビューティー
1956,ファッション＆ビューティー
1957,ストリート＆スナップ
1965,ジャンルなし
1967,ファッション＆ビューティー
1969,創作
2004,ジャンルなし
2015,ジャンルなし
2019,コスプレ
2022,ファッション＆ビューティー
2023,ファッション＆ビューティー
2026,ファッション＆ビューティー
2038,創作
2039,その他
2040,ジャンルなし
2043,ファッション＆ビューティー
2047,創作
2052,ジャンルなし
2053,ジャンルなし
2055,ジャンルなし
2064,ジャンルなし
2069,創作
2078,ジャンルなし
2089,創作
2092,ジャンルなし
2094,ジャンルなし
2113,ジャンルなし
2116,ジャンルなし
2117,創作
2118,ジャンルなし
2120,ジャンルなし
2121,グラビア
2122,ジャンルなし
2123,その他
2125,創作
2127,ジャンルなし
2129,ジャンルなし
2131,ファッション＆ビューティー
2135,ストリート＆スナップ
2136,ストリート＆スナップ
2137,ファッション＆ビューティー
2138,その他
2143,創作
2144,ジャンルなし
2159,ファッション＆ビューティー
2161,コスプレ
2166,ジャンルなし
2168,ジャンルなし
2176,ジャンルなし
2181,ジャンルなし
2182,創作
2195,ファッション＆ビューティー
2196,創作
2199,ジャンルなし
2209,ジャンルなし
2220,ジャンルなし
2237,ファッション＆ビューティー
2238,ジャンルなし
2260,創作
2274,ファッション＆ビューティー
2279,ファッション＆ビューティー
2287,ジャンルなし
2363,ファッション＆ビューティー
2380,ジャンルなし
2383,ジャンルなし
2385,ジャンルなし
2391,ストリート＆スナップ
2419,ストリート＆スナップ
2421,ジャンルなし
2423,ストリート＆スナップ
2424,ストリート＆スナップ
2425,ジャンルなし
2426,ジャンルなし
2427,創作
2430,ストリート＆スナップ
2431,ジャンルなし
2448,ジャンルなし
2449,その他
2451,創作
2454,ジャンルなし
2457,ジャンルなし
2460,ジャンルなし
2469,ストリート＆スナップ
2470,創作
2471,創作
2472,ストリート＆スナップ
2477,ジャンルなし
2479,ジャンルなし
2485,創作
2490,その他
2494,ファッション＆ビューティー
2497,ジャンルなし
2498,創作
2503,ジャンルなし
2504,ジャンルなし
2519,ストリート＆スナップ
2520,ストリート＆スナップ
2521,ジャンルなし
2527,ジャンルなし
2532,創作
2534,その他
2549,ジャンルなし
2550,ジャンルなし
2552,ジャンルなし
2559,ジャンルなし
2573,創作
2580,ジャンルなし
2581,ジャンルなし
2597,創作
2617,ジャンルなし
2622,創作
2623,ジャンルなし
2624,ジャンルなし
2628,ジャンルなし
2634,ファッション＆ビューティー
2637,ジャンルなし
2638,ジャンルなし
2644,ジャンルなし
2658,ジャンルなし
2659,創作
2679,その他
2685,ファッション＆ビューティー
2729,その他
2739,創作
2740,創作
2741,創作
2742,ファッション＆ビューティー
2743,ジャンルなし
2744,ジャンルなし
2745,ジャンルなし
2746,ストリート＆スナップ
2748,ジャンルなし
2749,ストリート＆スナップ
2750,ファッション＆ビューティー
2756,ストリート＆スナップ
2758,その他
2768,その他
2769,ストリート＆スナップ
2771,ジャンルなし
2772,ジャンルなし
2775,ジャンルなし
2779,ジャンルなし
2789,ジャンルなし
2794,ジャンルなし
2798,ストリート＆スナップ
2799,創作
2808,ジャンルなし
2818,ジャンルなし
2823,創作
2824,ジャンルなし
2836,創作
2838,ジャンルなし
2843,ジャンルなし
2856,創作
2864,創作
2865,ジャンルなし
2867,ジャンルなし
2874,創作
2882,創作
2916,ファッション＆ビューティー
2922,コスプレ
2926,創作
2931,ジャンルなし
2932,ジャンルなし
2933,ジャンルなし
2934,ジャンルなし
2935,ジャンルなし
2938,創作
2943,ジャンルなし
2944,ジャンルなし
2945,ジャンルなし
2954,ジャンルなし
2955,ジャンルなし
2956,ジャンルなし
2957,ジャンルなし
2959,ジャンルなし
2970,創作
2974,その他
2985,ジャンルなし
2986,ジャンルなし
2987,その他
3015,ジャンルなし
3017,ストリート＆スナップ
3020,ジャンルなし
3021,ジャンルなし
3022,ファッション＆ビューティー
3023,ジャンルなし
3024,その他
3025,ストリート＆スナップ
3026,ジャンルなし
3027,ジャンルなし
3038,ジャンルなし
3042,ジャンルなし
3045,コスプレ
3055,創作
3056,創作
3057,創作
3077,ジャンルなし
3078,ジャンルなし
3092,ジャンルなし
3097,ジャンルなし
3103,ストリート＆スナップ
3111,その他
3116,創作
3118,創作
3119,創作
3130,ストリート＆スナップ
3150,ストリート＆スナップ
3151,ジャンルなし
3162,創作
3164,ジャンルなし
3176,ジャンルなし
3177,ジャンルなし
3185,ジャンルなし
3199,ジャンルなし
3201,ジャンルなし
3211,創作
3212,ジャンルなし
3213,ジャンルなし
3226,ジャンルなし
3229,ジャンルなし
3241,ジャンルなし
3253,ジャンルなし
3260,創作
3262,ジャンルなし
3266,ジャンルなし
3283,ストリート＆スナップ
3284,ファッション＆ビューティー
3285,創作
3286,ジャンルなし
3288,ジャンルなし
3289,ファッション＆ビューティー
3292,グラビア
3297,ジャンルなし
3301,ジャンルなし
3305,ファッション＆ビューティー
3307,ジャンルなし
3312,ジャンルなし
3320,ストリート＆スナップ
3322,ストリート＆スナップ
3329,創作
3330,創作
3331,ファッション＆ビューティー
3332,ジャンルなし
3333,ジャンルなし
3353,その他
3359,ジャンルなし
3398,ジャンルなし
3434,ストリート＆スナップ
3438,その他
3439,ジャンルなし
3453,ファッション＆ビューティー
3454,ジャンルなし
3456,ファッション＆ビューティー
3458,ファッション＆ビューティー
3459,ファッション＆ビューティー
3548,ジャンルなし
3560,ジャンルなし
3561,ジャンルなし
3575,創作
3598,創作
3625,ストリート＆スナップ
3643,ジャンルなし
3647,ジャンルなし
3648,ジャンルなし
3649,ファッション＆ビューティー
3651,ジャンルなし
3652,ジャンルなし
3653,ジャンルなし
3654,その他
3665,ジャンルなし
3670,その他
3671,その他
3672,創作
3673,ストリート＆スナップ
3676,ストリート＆スナップ
3679,ストリート＆スナップ
3687,ストリート＆スナップ
3694,ジャンルなし
3710,ジャンルなし
3734,ジャンルなし
3743,ジャンルなし
3749,ファッション＆ビューティー
3750,ストリート＆スナップ
3757,ジャンルなし
3783,ジャンルなし
3785,創作
3792,ジャンルなし
3816,ジャンルなし
3853,創作
3854,ジャンルなし
3869,ジャンルなし
3901,ジャンルなし
3922,その他
3928,ストリート＆スナップ
3934,創作
3941,グラビア
3964,ジャンルなし
4002,ストリート＆スナップ
4013,創作
4030,創作
4041,ストリート＆スナップ
4068,ジャンルなし
4071,ジャンルなし
4103,創作
4104,ストリート＆スナップ
4107,ファッション＆ビューティー
4110,ジャンルなし
4122,ジャンルなし
4125,ジャンルなし
4126,ジャンルなし
4140,ジャンルなし
4185,ジャンルなし
4226,ジャンルなし
4228,ジャンルなし
4230,ジャンルなし
4234,創作
4275,ジャンルなし
4281,ジャンルなし
4290,ファッション＆ビューティー
4302,ジャンルなし
4311,ジャンルなし
4322,創作
4323,ジャンルなし
4324,創作
4329,ジャンルなし
4341,ジャンルなし
4352,ストリート＆スナップ
4368,ファッション＆ビューティー
4369,創作
4383,ジャンルなし
4384,ジャンルなし
4387,ジャンルなし
4388,創作
4395,ジャンルなし
4396,ストリート＆スナップ
4400,ジャンルなし
4401,ストリート＆スナップ
4403,その他
4412,創作
4414,創作
4416,創作
4426,ストリート＆スナップ
4429,ストリート＆スナップ
4447,ジャンルなし
4452,ストリート＆スナップ
4454,ジャンルなし
4460,ストリート＆スナップ
4465,ストリート＆スナップ
4470,創作
4483,ジャンルなし
4509,創作
4525,コスプレ
4532,ジャンルなし
4536,ジャンルなし
4580,ファッション＆ビューティー
4596,ジャンルなし
4609,ストリート＆スナップ
4621,ジャンルなし
4652,ジャンルなし
4675,ジャンルなし
4683,ジャンルなし
4684,ジャンルなし
4685,ファッション＆ビューティー
4686,ジャンルなし
4687,創作
4688,ジャンルなし
4690,ファッション＆ビューティー
4692,その他
4708,創作
4768,グラビア
4779,ジャンルなし
4810,ジャンルなし
4838,ジャンルなし
4852,その他
4853,ファッション＆ビューティー
4904,ジャンルなし
4907,創作
4925,ジャンルなし
4931,創作
4937,ジャンルなし
4967,ストリート＆スナップ
4971,ストリート＆スナップ
4972,ジャンルなし
4975,ジャンルなし
4978,創作
4986,創作
5018,ジャンルなし
5031,創作
5089,コスプレ
5106,創作
5143,ジャンルなし
5147,ストリート＆スナップ
5227,ジャンルなし
5233,ジャンルなし
5245,ジャンルなし
5284,ジャンルなし
5307,ジャンルなし
5325,コスプレ
5330,ジャンルなし
5383,ジャンルなし
5395,創作
5454,ストリート＆スナップ
5460,創作
5462,ジャンルなし
5474,創作
5494,創作
5495,ジャンルなし
5508,ジャンルなし
5511,ジャンルなし
5530,ジャンルなし
5533,ジャンルなし
5534,ジャンルなし
5539,ジャンルなし
5553,創作
5557,ジャンルなし
5590,ジャンルなし
5591,ストリート＆スナップ
5593,ファッション＆ビューティー
5594,ファッション＆ビューティー
5595,創作
5601,ジャンルなし
5614,その他
5616,ジャンルなし
5621,ジャンルなし
5626,ストリート＆スナップ
5629,ジャンルなし
5630,創作
5631,ジャンルなし
5633,創作
5662,ジャンルなし
5665,ファッション＆ビューティー
5729,創作
5732,ファッション＆ビューティー
5733,ファッション＆ビューティー
5734,創作
5735,ストリート＆スナップ
5744,ストリート＆スナップ
5756,ジャンルなし
5785,その他
5786,ジャンルなし
5798,ジャンルなし
5804,創作
5815,創作
5816,創作
5817,創作
5820,ジャンルなし
5842,創作
5857,創作
5888,創作
5927,創作
5970,ジャンルなし
5971,ジャンルなし
6018,創作
6023,ファッション＆ビューティー
6024,ジャンルなし
6025,ストリート＆スナップ
6027,創作
6028,ジャンルなし
6030,ジャンルなし
6031,ジャンルなし
6032,その他
6051,ジャンルなし
6059,創作
6076,ストリート＆スナップ
6077,ストリート＆スナップ
6078,ストリート＆スナップ
6079,ストリート＆スナップ
6080,ストリート＆スナップ
6081,ストリート＆スナップ
6111,ジャンルなし
6136,ジャンルなし
6137,ジャンルなし
6175,創作
6176,ファッション＆ビューティー
6177,ジャンルなし
6181,ジャンルなし
6185,ジャンルなし
6186,ジャンルなし
6187,ジャンルなし
6192,ファッション＆ビューティー
6198,ファッション＆ビューティー
6199,ジャンルなし
6200,創作
6205,ジャンルなし
6213,グラビア
6275,ストリート＆スナップ
6278,創作
6308,ジャンルなし
6310,ファッション＆ビューティー
6443,ジャンルなし
6510,ジャンルなし
6649,その他
6708,ジャンルなし
6735,ジャンルなし
6736,ジャンルなし
6739,ストリート＆スナップ
6742,ファッション＆ビューティー
6743,ストリート＆スナップ
6744,ファッション＆ビューティー
6745,創作
6746,ファッション＆ビューティー
6747,ストリート＆スナップ
6749,ジャンルなし
6750,ジャンルなし
6752,創作
6753,ストリート＆スナップ
6755,その他
6756,ジャンルなし
6766,ジャンルなし
6767,ジャンルなし
6783,ジャンルなし
6803,ジャンルなし
6805,創作
6826,創作
6867,創作
6871,ストリート＆スナップ
6883,創作
6900,ジャンルなし
6902,創作
6917,ジャンルなし
6925,ジャンルなし
6929,ファッション＆ビューティー
6949,コスプレ
6952,コスプレ
7052,ファッション＆ビューティー
7061,ジャンルなし
7076,ジャンルなし
7092,ジャンルなし
7124,ジャンルなし
7126,ジャンルなし
7147,創作
7148,創作
7149,創作
7150,ジャンルなし
7152,ジャンルなし
7154,ジャンルなし
7155,ジャンルなし
7156,ジャンルなし
7161,ジャンルなし
7166,創作
7177,ジャンルなし
7178,ストリート＆スナップ
7187,ジャンルなし
7188,ジャンルなし
7198,ファッション＆ビューティー
7225,ジャンルなし
7232,ストリート＆スナップ
7239,創作
7253,ファッション＆ビューティー
7267,ジャンルなし
7279,創作
7303,ジャンルなし
7325,ジャンルなし
7334,ジャンルなし
7336,ジャンルなし
7338,創作
7349,創作
7357,ジャンルなし
7359,ジャンルなし
7373,ジャンルなし
7380,ジャンルなし
7385,ジャンルなし
7388,ジャンルなし
7389,ストリート＆スナップ
7392,ジャンルなし
7396,ジャンルなし
7405,ジャンルなし
7411,ジャンルなし
7415,創作
7433,その他
7437,創作
7458,ジャンルなし
7475,その他
7476,ストリート＆スナップ
7477,ジャンルなし
7488,ジャンルなし
7495,創作
7510,ジャンルなし
7527,その他
7588,ジャンルなし
7639,創作
7648,ジャンルなし
7683,創作
7705,ストリート＆スナップ
7712,創作
7721,ストリート＆スナップ
7746,創作
7758,ジャンルなし
7763,ファッション＆ビューティー
7765,ジャンルなし
7766,創作
7768,ジャンルなし
7769,その他
7770,ストリート＆スナップ
7771,ストリート＆スナップ
7773,ジャンルなし
7780,ジャンルなし
7781,ストリート＆スナップ
7783,ファッション＆ビューティー
7784,創作
7789,ジャンルなし
7805,ジャンルなし
7823,ジャンルなし
7829,創作
7842,ファッション＆ビューティー
7863,ファッション＆ビューティー
7866,創作
7874,創作
7893,ジャンルなし
7900,ジャンルなし
7902,ジャンルなし
7913,ジャンルなし
7917,コスプレ
7927,コスプレ
7937,ストリート＆スナップ
7941,創作
7945,創作
7957,ジャンルなし
7962,ジャンルなし
7966,ジャンルなし
7971,ジャンルなし
7972,ジャンルなし
7973,ジャンルなし
7974,ジャンルなし
7981,ジャンルなし
7985,ジャンルなし
7988,ジャンルなし
7989,ジャンルなし
7990,ジャンルなし
7994,創作
7995,フェティッシュ
8001,ジャンルなし
8008,ジャンルなし
8011,ストリート＆スナップ
8015,ジャンルなし
8019,創作
8020,ジャンルなし
8021,ジャンルなし
8046,フェティッシュ
8052,創作
8053,ストリート＆スナップ
8055,その他
8058,創作
8070,ファッション＆ビューティー
8072,ジャンルなし
8073,創作
8075,創作
8081,ファッション＆ビューティー
8094,ジャンルなし
8099,ストリート＆スナップ
8109,ジャンルなし
8110,ジャンルなし
8130,ファッション＆ビューティー
8138,ジャンルなし
8157,ジャンルなし
8171,創作
8183,その他
8185,ジャンルなし
8193,ジャンルなし
8221,ジャンルなし
8247,創作
8268,ストリート＆スナップ
8282,ジャンルなし
8292,ジャンルなし
8294,ジャンルなし
8302,ジャンルなし
8311,ファッション＆ビューティー
8334,ジャンルなし
8351,その他
8430,ジャンルなし
8483,創作
8485,ジャンルなし
8486,ファッション＆ビューティー
8488,ジャンルなし
8491,ジャンルなし
8492,ジャンルなし
8493,創作
8494,ファッション＆ビューティー
8499,ファッション＆ビューティー
8500,ジャンルなし
8509,創作
8544,ストリート＆スナップ
8546,創作
8552,ジャンルなし
8563,ストリート＆スナップ
8569,その他
8591,ファッション＆ビューティー
8615,創作
8618,ジャンルなし
8620,ジャンルなし
8623,創作
8647,ジャンルなし
8668,ジャンルなし
8676,ジャンルなし
8688,ジャンルなし
8694,ジャンルなし
8712,ストリート＆スナップ
8716,ジャンルなし
8753,創作
8754,創作
8755,ジャンルなし
8757,創作
8759,創作
8763,ジャンルなし
8765,ジャンルなし
8767,創作
8768,ジャンルなし
8769,グラビア
8770,創作
8771,ジャンルなし
8773,創作
8774,ファッション＆ビューティー
8777,ストリート＆スナップ
8779,ジャンルなし
8796,創作
8798,その他
8805,ジャンルなし
8823,ジャンルなし
8827,ジャンルなし
8828,ジャンルなし
8867,ストリート＆スナップ
8890,ジャンルなし
8892,創作
8895,ジャンルなし
8898,ジャンルなし
8902,ファッション＆ビューティー
8903,ファッション＆ビューティー
8904,ストリート＆スナップ
8905,その他
8921,ファッション＆ビューティー
8922,創作
8923,ジャンルなし
8931,ジャンルなし
8936,ジャンルなし
8937,ファッション＆ビューティー
8942,ストリート＆スナップ
8972,ジャンルなし
8979,ストリート＆スナップ
8986,ジャンルなし
9023,ジャンルなし
9029,ジャンルなし
9072,ジャンルなし
9084,創作
9093,ジャンルなし
9109,創作
9126,ジャンルなし
9130,ストリート＆スナップ
9152,ジャンルなし
9162,創作
9163,ジャンルなし
9166,創作
9167,ジャンルなし
9170,ジャンルなし
9175,その他
9176,ファッション＆ビューティー
9208,ジャンルなし
9217,ストリート＆スナップ
9239,ジャンルなし
9240,ジャンルなし
9293,ストリート＆スナップ
9294,ジャンルなし
9298,ストリート＆スナップ
9302,創作
9309,ジャンルなし
9318,ストリート＆スナップ
9329,創作
9330,コスプレ
9334,ジャンルなし
9335,ジャンルなし
9338,ジャンルなし
9375,ジャンルなし
9380,ジャンルなし
9412,創作
9445,ファッション＆ビューティー
9446,ストリート＆スナップ
9447,ジャンルなし
9448,ジャンルなし
9449,創作
9450,ファッション＆ビューティー
9451,ファッション＆ビューティー
9459,ジャンルなし
9467,創作
9494,ストリート＆スナップ
9498,ジャンルなし
9516,その他
9560,ジャンルなし
9577,ストリート＆スナップ
9600,ファッション＆ビューティー
9604,コスプレ
9605,ストリート＆スナップ
9606,ジャンルなし
9614,ファッション＆ビューティー
9639,ストリート＆スナップ
9645,ジャンルなし
9646,その他
9661,ストリート＆スナップ
9663,その他
9682,創作
9686,ジャンルなし
9704,創作
9725,ストリート＆スナップ
9726,ジャンルなし
9735,創作
9756,ジャンルなし
9810,ジャンルなし
9847,ジャンルなし
9856,創作
9864,ジャンルなし
9951,ジャンルなし
9979,ジャンルなし
9987,創作
9993,ジャンルなし
9996,ジャンルなし
10000,ジャンルなし